int_rank,like_rank,interactions,video_id,video_title,upload_date,upload_time,view_count,like_count,comment_count,video_duration,tags
1,113,10.72,xlb0DllsC-c,Hank’s Most Brutal Challenge Yet?,29/04/2023,09:00:41,95157,4809,541,13:56,"['hank', 'hank gcn', 'epic ride', 'epic ride gcn', 'gcn epic ride', 'budget bike', 'cheap bike', 'cheap bike challenge', 'budget bike challenge', '200 miles', '£200 bike', '$200 bike', '$250 bike', 'cheap', 'budget', 'challenge', 'bike ride', 'brutal', 'epic', 'torrential rain', 'rain', 'uk', 'gcn cheap bike', 'gcn cheap bike challenge', 'GCN', 'Global Cycling Network', 'Sports', 'Cycling', 'Bike', 'Bikes', 'Bicycle (Product Category)', 'Road Bike', 'Road Cycling', 'Cyclist', 'GCN Cycling', 'sec-feature', 'ិ', 'ꔈ', 'ꗶ', 'Ղ', 'n1', 'ඡ', 'f3', 'ሙ', 'ଙ', 'ᠫ', 'ළ', 'Ꮽ', '𑢭\u200e', 'ꛟ', 'Ա', 'Լ', 'Ծ', 'ፕ15', 'ヵ', 'ዾ', '5045']"
2,16,10.03,sQZ5Qu6mAz4,Can A Beginner Complete A 312km Ride After 7 Weeks Training? | Ep. 3,28/11/2021,10:00:31,424907,22952,1974,21:28,"['freddie', 'freddie gcn', 'gcn freddie', 'zero to hero', 'epic sportive', 'sportive', 'beginner', 'beginner vs', 'gcn beginner', 'beginner cyclist', 'beginner challenge', 'cycling challenge', 'challenge', 'epic ride', 'mallorca', 'mallorca 312', 'mental health', 'depression', 'wahoo systm', 'get fit', 'GCN', 'Global Cycling Network', 'Sports', 'Cycling', 'Bike', 'Bikes', 'Bicycle (Product Category)', 'Road Bike', 'Cyclist', 'Road Bicycle', 'GCN Cycling', 'velo', 'ollie', 'sec-feature', 'sca15', 'gc21s', 'ꗧ', 'r1', 'ꗶ', 'Ղ', 'ඡ', 'ක', 'ཋ', 'ោ', 'ሙ', 'ସ', 'ଙ', 'ホ', 'ᠫ', 'ィ', 'ꔉ', 'ᠾ', 'ዩ', 'ළ', 'Բ', 'Թ', 'Լ', 'Ծ', 'Ձ', 'ፕ12', 'ュ', 'ዮ', '4528']"
3,54,8.39,n91tFafLouQ,How Durable Are Electronic Bike Gears? | Can We Destroy A Shimano Di2 Groupset?,04/04/2021,09:00:11,274271,10448,1263,21:21,"['di2', 'shimano', 'shimano di2', 'ultegra', 'ultegra di2', 'fragile di2', 'robust', 'strong', 'frozen', 'buried', 'sea', 'cliff jump', 'how strong is di2', 'is di2 robust', 'reliable', 'mechanical gears', 'shimano ultegra di2', 'can you destroy di2', 'buried di2', 'frozen di2', 'battery', 'electronic gears', 'GCN', 'Global Cycling Network', 'Sports', 'Cycling', 'Bike', 'Bikes', 'Bicycle (Product Category)', 'Road Bike', 'Cyclist', 'Road Bicycle', 'GCN Cycling', 'velo', 'oliver', 'bridgewood', 'sec-feature', 'ꗧ', 'c1', 'ꗶ', 'f3', 'ཋ', 'ସ', 'ଙ', 'ホ', 'ケ', 'パ', 'ው', 'ꖐ', 'o1', 'ゲ', 'ዩ', 'ළ', 'Բ', 'Ժ', 'Լ', 'Ծ', 'Ձ', 'ፕ11', 'サ', 'ዮ', 'ዾ', '4290']"
4,76,8.3,eM7B9VCGgAw,Critical Mass | How Much Weight Can You Cycle Up A Hill With?,30/01/2021,11:00:08,236234,7698,1208,17:03,"['weight', 'heavy', 'climb', 'up', 'uphill', 'how much', 'power', 'power to weight', 'climbers', 'climber', 'gravity', 'resistance', 'failure', 'fail', 'crash', 'fall', 'watts', 'trailer', 'pack', 'packing', 'science', 'lightweight', 'light', 'topeak', 'bike trailer', 'fall off', 'falling off', 'hill climb', 'kilograms', 'kg', 'kilos', 'GCN', 'Global Cycling Network', 'Sports', 'Cycling', 'Bike', 'Bikes', 'Bicycle (Product Category)', 'Road Bike', 'Cyclist', 'Road Bicycle', 'GCN Cycling', 'velo', 'sec-feature', 'ិ', 'gc11shs', 'r1', 'c1', 'ꗶ', 'n1', 'Ղ', 'ཋ', 'ሙ', 'ସ', 'ଙ', 'ホ', 'パ', 'Բ', 'Լ', 'Ծ', 'Ձ', 'ፕ15', 'ጎ', 'ዾ', '4226']"
5,126,8.14,U8gjgCQp_TU,Is Suspension The Future Of Gravel Bikes?,20/06/2020,09:00:14,142440,3945,773,09:40,"['gravel bike', 'gravel', 'gravel road', 'suspension', 'suspension fork', 'travel', 'cannondale', 'cannondale gravel bike', 'tyres', 'tires', 'tubeless', 'comfort', 'grip', 'lefty', 'ocho', 'oliver', 'topstone', 'topstone carbon', 'gravel riding', 'rear suspension', 'front suspension', 'MTB', 'XC MTB', 'mountain bike', 'off-road', 'trail', 'GCN', 'Global Cycling Network', 'Sports', 'Cycling', 'Bike', 'Bikes', 'Bicycle (Product Category)', 'Road Bike', 'Cyclist', 'Road Bicycle', 'GCN Cycling', 'velo', 'si', 'richardson', 'sec-feature', 'gc11shs', 'Ղ', 'ཋ', 'ସ', 'ホ', 'リ', 'ஜ', 'ዩ', 'ළ', 'Բ', 'Ժ', 'Ի', 'Հ', 'ፕ15', 'ኾ', '4002', 'groad']"
6,168,8.12,IYqtF47m4-M,What is your one piece of advice for new cyclists? 🚴‍♀️,24/04/2023,15:14:07,23411,490,153,00:19,None
7,160,8.09,fkwvnlT6x7Q,What’s The Best Bike Bag For Road Cycling?,21/04/2023,09:00:24,80390,1787,481,11:01,"['bike bag', 'bike storage', 'bag for bikes', 'bag for bicycle', 'bar bag', 'bar bag cycling', 'handlebar bag', 'handlebar bags for bikes', 'handlebar bag road bike', 'saddle bag', 'seat pack', 'frame bag', 'saddle bag for bike', 'saddlebag', 'bar bag vs frame bag', 'frame bag road bike', 'bikepacking', 'challenge', 'GCN', 'Global Cycling Network', 'Sports', 'Cycling', 'Bike', 'Bikes', 'Bicycle (Product Category)', 'Road Bike', 'Road Cycling', 'Cyclist', 'GCN Cycling', 'sec-feature', 'gc21s', 'ꗧ', 'c1', 'ꔈ', 'ꗶ', 'Ղ', 'n1', 'ሙ', 'ସ', 'ଙ', 'ᠫ', 'パ', 'ළ', 'Ꮽ', 'Ա', 'Լ', 'Ծ', 'ፕ15', 'ザ', 'ጞ', 'ጎ', '5037']"
8,27,8.04,P5mlqUhhYmA,Is A Retro Time Trial Bike Faster Than A Modern Superbike?,06/08/2022,09:00:11,291148,18069,549,16:22,"['superbike', 'super bike', 'vintage', 'retro', 'tt', 'time trial', 'timetrial', 'time-trial', 'super', 'aero', 'aerodynamic', 'CDA', 'how fast', 'faster', 'fastest', 'fast', 'rolling resistance', 'modern cutting-edge', 'cutting edge', 'tdf', 'tour de france', 'win', 'winner', 'wins', 'GCN', 'Global Cycling Network', 'Sports', 'Cycling', 'Bike', 'Bikes', 'Bicycle (Product Category)', 'Road Bike', 'Cyclist', 'Road Bicycle', 'GCN Cycling', 'velo', 'sec-feature', 'ꗧ', 'Ղ', 'ሙ', 'ସ', 'ホ', 'ළ', 'Ꮽ', 'Բ', 'Ժ', 'Ի', 'Ծ', 'Ձ', 'ፕ15', 'サ', 'ኾ', 'ዮ', '4779', 'ꗶ', '൱']"
9,165,7.25,3w7eYTL0gPc,Can I Survive A Road Race On A Gravel Bike?,30/04/2023,09:00:02,27582,1284,81,08:36,"['gravel bike vs road race', 'gravel bike vs road bike', 'gravel vs road bike', 'gravel bike', 'gravel cycling', 'gravel riding', 'gravel', 'gravel race', 'gravel bike race', 'road race', 'race', 'bike race', 'crit race', 'crit', 'criterium', 'conor dunne', 'conor gcn', 'gcn vs', 'thruxton', 'thruxton circuit', 'orbea terra', 'GCN', 'Global Cycling Network', 'Sports', 'Cycling', 'Bike', 'Bikes', 'Bicycle (Product Category)', 'Road Bike', 'Road Cycling', 'Cyclist', 'GCN Cycling', 'sec-feature', 'sca15', 'gc21s', 'ꗧ', 'c1', 'ꗶ', 'Ղ', 'n1', 'ሙ', 'ସ', 'ଙ', 'ᠫ', 'パ', 'ꗖ', 'ළ', 'Ꮽ', 'Ա', 'Լ', 'Ձ', 'ፕ15', 'ザ', 'ጞ', '5046']"
10,133,6.91,eWObNg7JklQ,Are You Faster Than A 14 Year Old?,22/04/2023,09:00:20,88306,3517,260,12:20,"['ex pro vs kids', 'ex-pro vs kids', 'are you faster than', 'are you faster than a 14 year old', 'are you faster than a 9th grader', '14 year old', '9th grader', 'oli akers', 'harley widdowson', 'youth cycling', 'youth cyclist', 'junior cycling', 'junior cyclist', 'challenge', 'gcn vs', 'hank', 'hank gcn', 'u14 cycling', 'GCN', 'Global Cycling Network', 'Sports', 'Cycling', 'Bike', 'Bikes', 'Bicycle (Product Category)', 'Road Bike', 'Road Cycling', 'Cyclist', 'GCN Cycling', 'sec-feature', 'gc21s', 'ꗧ', 'r1', 'ꗶ', 'Ղ', 'n1', 'ସ', 'ଙ', 'ළ', 'Ꮽ', 'Ա', 'Լ', 'Ծ', 'Ձ', 'ፕ15', 'ヵ', 'ዾ', '5038']"
11,53,6.87,iYPv27a-geE,Roadie VS Mountain Biker: Who#39;s Faster Up Cobbled Climbs? | GCN X GMBN Flanders Challenge!,03/04/2021,09:00:14,253097,10551,698,10:19,"['flanders', 'tour of flanders', 'belgium', 'ronde', 'ronde van vlaandren', 'rvv', 'bergs', 'koppenberg', 'cobbles', 'cobbles climb', 'steep climb', 'short climb', 'power', 'max power', 'watts', 'sprint', 'vs', 'gmbn', 'gcn vs gmbn', 'blake', 'hank', 'bristol', 'vale street', 'steepest', 'GCN', 'Global Cycling Network', 'Sports', 'Cycling', 'Bike', 'Bikes', 'Bicycle (Product Category)', 'Road Bike', 'Cyclist', 'Road Bicycle', 'GCN Cycling', 'velo', 'james', 'lowsley', 'williams', 'samson', 'sec-feature', 'gc21s', 'ិ', 'ꗧ', 'r1', 'c1', 'ꗶ', 'n1', 'Ղ', 'ཋ', 'ሙ', 'ସ', 'ଙ', 'ホ', 'ケ', 'パ', 'ළ', 'Բ', 'Ժ', 'Լ', 'Ծ', 'Ձ', 'ፕ15', 'ヵ', 'ዾ', 'ፎ', '4289']"
12,145,6.76,KA6V8hqq4nE,Do More Carbs = Better Cycling Performance?,23/04/2023,09:00:11,97580,2699,404,19:01,"['carbohydrates', 'carbs', '200g carbs per hour', 'bike ride', 'sports nutrition', 'nutrition', 'fuelling', 'fueling', 'how many carbs', 'calories', 'carbs for cycling', 'carb intake', 'calorie intake', 'bonking', 'bonk', 'glycogen loading', 'nutrition advice', 'tim podlogar', 'gcn does science', 'manon gcn', 'conor gcn', 'GCN', 'Global Cycling Network', 'Sports', 'Cycling', 'Bike', 'Bikes', 'Bicycle (Product Category)', 'Road Bike', 'Road Cycling', 'Cyclist', 'GCN Cycling', 'sec-feature', 'gc21s', 'ិ', 'ꗧ', 'ꔈ', 'ꗶ', 'Ղ', 'n1', 'ඡ', 'ߤ\u200e', 'ሙ', 'ସ', 'ଙ', 'ᠫ', 'ළ', 'Ꮽ', 'Բ', 'Լ', 'Ծ', 'Հ', 'ፕ15', 'ザ', 'ጞ', 'ጎ', '5039']"
13,28,6.56,Mhl2av1bmrE,Can You Ride 100 Miles On A £100 Bike? | GCN#39;s Cheap Bike Challenge,16/08/2020,09:00:10,725559,17757,2995,18:45,"['100 miles', 'century', 'yorkshire', 'peak district', 'cheap bike', 'second hand bike', 'sunrise', 'sunrise ride', '£100 bike', 'garage sale', 'yard sale', 'bike jumble', 'down tube shifters', 'wyman brakes', 'north of england', '100 miler', 'friction shifters', 'triumph bike', '160km', 'route', 'route planning', 'GCN Tech', 'GCNTech', 'Bike Tech', 'Cycling Tech', 'Road Bicycle', 'Retro Tech', 'Retro Bike', 'GCN Cycling', 'manon', 'lloyd', 'ஔ', '4059', 'Ѯ', 'ҩ', 'Ѵ', 'Ҁ', 'Ѿ', 'Ә', 'Ѩ', 'gc11shs', 'gc11sas', 'ホ', 'ፕ15', 'ସ', 'Ղ', 'ሙ', 'ළ']"
14,73,6.51,Jop-k1PAzEc,Is It Better To Train Fasted? | Fasting For Cycling Explained,04/01/2020,10:00:07,202778,8187,511,10:53,"['fasting', 'intermittent', 'intermittent fasting', 'recovery', 'health', 'science', 'hormones', 'healthy', 'weight', 'weight loss', 'weight gain', 'lose weight', 'lose', 'fat', 'skinny', 'fast', 'overnight fast', 'eating', 'eat', 'healthy eating', 'workout', '5:2', 'fasted', 'training', 'carbohydrate', 'energy', 'rides', 'fasted rides', 'GCN', 'Global Cycling Network', 'Sports', 'Cycling', 'Bike', 'Bikes', 'Bicycle (Product Category)', 'Road Bike', 'Cyclist', 'GCN Cycling', 'velo', 'ollie', 'sec-feature', 'sca15', 'gc21s', 'ិ', 'gc11shs', 'ඃ', 'c3', 'r1', 'c1', 'h3', 'gc11sas', 'Ղ', 'ཋ', 'ሙ', 'ළ', 'Գ', 'Ե', 'ፕ15', '3834', 'diet']"
14,121,6.51,EBnXXrffLos,Can A Vintage Superbike Survive A Killer Climb?,20/05/2022,15:28:30,145920,4214,539,10:07,"['vintage', 'vintage bike', 'vintage superbike', 'superbike', 'retro', 'retro bike', 'killer climb', 'climb', 'steep', 'eddy merckx', 'merckx', 'faema', '1969', 'gcn vs', 'vs', 'can it climb', 'challenge', 'gears', '1960s', '60s', 'old bike', 'rebuild', 'build', 'bike vs', 'epic climb', 'modern', 'retro vs modern', 'vintage vs modern', 'daycott hill', 'climbing', 'GCN', 'Global Cycling Network', 'Sports', 'Cycling', 'Bike', 'Bikes', 'Bicycle (Product Category)', 'Road Bike', 'Cyclist', 'Road Bicycle', 'GCN Cycling', 'velo', 'si', 'simon', 'sec-feature', 'ꗧ', 'ඡ', 'ସ', 'ホ', 'ළ', 'ꕉ', 'Ꮽ', 'Ա', 'Լ', 'Ծ', 'Հ', 'ፕ15', 'サ', 'ኾ', '4701']"
16,114,6.27,oVN7iLCoyyc,Homemade ‘Rocket Fuel’?! | How To Make A 2400 Calorie Energy Drink amp; Other Top Cycling Recipes,13/10/2021,11:48:59,151566,4760,483,13:41,"['recipes', 'cycling recipes', 'fuel', 'fuelling', 'feed', 'feeding', 'how to fuel', 'what to eat', 'eat', 'food', 'on the bike', 'on a ride', 'riding', 'long ride', 'race', 'cycling', 'drinking', 'drink', 'energy drink', 'calories', 'nutrition', 'cycling nutrition', 'world tour', 'worldtour', 'bonk', 'bonking', 'rice cakes', 'endurance', 'pro', 'pro cyclist', 'bottle', 'GCN', 'Global Cycling Network', 'Sports', 'Cycling', 'Bike', 'Bikes', 'Bicycle (Product Category)', 'Road Bike', 'Cyclist', 'Road Bicycle', 'GCN Cycling', 'velo', 'conor', 'conor dunne', 'sec-feature', 'ሩ', 'ළ', 'Բ', 'Ժ', 'Լ', 'Ծ', 'Հ', 'ፕ15', 'ザ', 'ጞ', '4482']"
17,49,6,kjMk7bmadJk,Road Vs Gravel: Which Bike Is Better?,27/02/2022,10:00:32,296865,11201,663,21:02,"['gravel', 'italy', 'tuscany', 'wilier', 'triestina', 'wilier triestina', 'strada bianche', 'strada', 'bianche', 'strada-bianche', 'challenge', 'epic', 'epic ride', '250km', 'long', 'all-road', 'all road', 'allroad', 'all', 'road', 'carbon', 'fibre', 'fiber', 'GCN', 'Global Cycling Network', 'Sports', 'Cycling', 'Bike', 'Bikes', 'Bicycle (Product Category)', 'Road Bike', 'Cyclist', 'Road Bicycle', 'GCN Cycling', 'velo', 'sec-feature', 'ꗧ', 'Ղ', 'ඡ', 'ཋ', 'ሙ', 'ସ', 'ଙ', 'ホ', 'ዩ', 'ළ', 'δ', 'Բ', 'Ժ', 'Ի', 'Ծ', 'Ձ', 'ፕ15', 'ュ', 'ዮ', 'ጎ', '4619', 'ꘈ', 'strade bianche', 'strade', 'gravel bike', 'gravel ride', 'gravel race', 'gravel vs road', 'road vs gravel']"
18,95,5.89,Rrg1rieij0g,Overdressed Vs Underdressed | Which Is Worse When Riding in the Cold?,16/01/2021,10:00:16,207180,5902,635,13:58:00,"['how', 'to', 'dress', 'clothes', 'layers', 'hot', 'warm', 'cold', 'freezing', 'body', 'temperature', 'optimum', 'best', 'power', 'speed', 'winter', 'weather', 'cold weather', 'fast', 'slow', 'clothing', 'wear', 'wearing', 'many', 'few', 'little', 'tt', 'time-trial', 'science', 'under', 'dressed', 'over', 'performance', 'sweat', 'shiver', 'energy', 'burn', 'efficient', 'worse', 'worst', 'GCN', 'Global Cycling Network', 'Sports', 'Cycling', 'Bike', 'Bikes', 'Bicycle (Product Category)', 'Road Bike', 'Cyclist', 'Road Bicycle', 'GCN Cycling', 'velo', 'sec-feature', 'ិ', 'gc11shs', 'r1', 'c1', 'gc11sas', 'n1', 'Ղ', 'ཋ', 'ሙ', 'ସ', 'ଙ', 'ホ', 'パ', 'ፕ1', '4212']"
18,147,5.89,_Vun-uPqt68,What#39;s The Best Way To Ride Your Bike: On Your Own Or In A Group? | The GCN Show Ep.395,04/08/2020,16:36:58,139264,2564,576,00:00,"['solo rides', 'solo bike rides', 'group rides', 'bunch rides', 'group bike rides', 'drafting', 'half wheeling', 'training', 'intervals', 'crash', 'crashing', 'bike crash', 'cafe ride', 'social ride', 'bike race', 'strade bianche', 'strava kom', 'everest', 'everesting', 'GCN', 'Global Cycling Network', 'Sports', 'Cycling', 'Bike', 'Bikes', 'Bicycle (Product Category)', 'Road Bike', 'Cyclist', 'gcn show', 'the gcn show', 'Road Bicycle', 'GCN Cycling', 'velo', 'dan', 'lloyd', 'manon', 'པ', 'sca15', 'gc21s', 'ិ', 'gc11shs', 'ଐ', 'gc11sas', 'g3', 'ක', 'Ղ', 'ཋ', 'ሩ', 'ସ', 'ଙ', 'ホ', 'ィ', 'ው', 'ꖐ', 'ළ', 'Բ', 'Ե', 'Լ', 'Ծ', 'Ձ', 'ፕ3', 'ヅ', 'ዎ', 'ጎ', '4047']"
20,117,5.85,0GfFg3KagfA,5 Reasons Your Next Bike Should Be… Cheap?,20/10/2021,15:52:58,148681,4412,431,03:07,"['cheap', 'durable', 'easy', 'simple', 'shopping', 'buying', 'purchasing', 'functional', 'second hand', 'preowned', 'fun', 'old school', 'old', 'retroGCN', 'Global Cycling Network', 'Sports', 'Cycling', 'Bike', 'Bikes', 'Bicycle (Product Category)', 'Road Bike', 'Cyclist', 'Road Bicycle', 'GCN Cycling', 'velo', 'sec-feature', 'gc11shs', 'ସ', 'ホ', 'ළ', 'Ժ', 'Լ', 'Ծ', 'ፕ15', '4489']"
21,78,5.78,lD53YiygVhA,Recumbent Bike Vs Killer Hill - Will It Climb?,14/08/2020,13:59:27,350971,7599,1285,15:58,"['recumbent', 'lie', 'down', 'cycling', 'strange', 'alternative', 'trike', 'aero', 'climb', 'steep', 'yorkshire', 'challenge', 'time', 'trial', 'fun', 'descend', 'custom', 'unique', 'different', 'learn', 'how', 'to', 'balance', 'climbing', 'killer', 'uphill', 'ascent', 'elevation', 'gain', 'race', 'GCN', 'Global Cycling Network', 'Sports', 'Cycling', 'Bike', 'Bikes', 'Bicycle (Product Category)', 'Road Bike', 'Cyclist', 'Road Bicycle', 'GCN Cycling', 'velo', 'james', 'lowsley', 'williams', 'hank', 'sec-feature', 'sca15', 'gc11shs', 'ଐ', 'gc11sas', 'ሙ', 'ସ', 'ホ', 'ィ', 'ළ', 'Բ', 'Ժ', 'Լ', 'Ծ', 'Ձ', 'ፕ15', 'ヵ', 'ዾ', '4057']"
22,150,5.76,9IOXbZzIfVg,Cycling’s Biggest Controversy Is… WHITE Shorts?! | GCN Show Ep. 537,25/04/2023,14:40:31,95507,2277,330,00:18,"['white shorts', 'remco', 'evenepoel', 'hot or not', 'cycling style', 'fashion', 'liege bastogne liege 2023', 'vingegaard', 'trek segafredo', 'van aert', 'ai bike', 'artificial intelligence', 'ai', 'GCN', 'Global Cycling Network', 'Sports', 'Cycling', 'Bike', 'Bikes', 'Bicycle (Product Category)', 'Road Bike', 'Road Cycling', 'Cyclist', 'GCN Cycling', 'gcn show', 'the gcn show', 'cycling show', 'cycle show', 'hack', 'bodge', 'hack/bodge', 'hacks', 'bodges', 'cycling shorts', 'bike news', 'པ', 'gc21s', 'ិ', 'ꗧ', 'r1', 'ꔈ', 'ꗶ', 'Ղ', 'n1', 'ߤ\u200e', 'g3', 'ሩ', 'ସ', 'ଙ', 'ᠫ', 'ィ', 'ළ', 'ꕉ', 'Ꮽ', 'ꚱ', 'Ա', 'Ե', 'ፕ3', 'ヅ', 'ጎ', 'ዎ', '5041']"
23,2,5.72,3sK0bsQ7A7Q,Can We Survive A Stage Of The 1903 Tour De France?,27/07/2019,09:00:02,1539696,63404,2474,16:37,"['le Tour', 'le Tour de France', 'tour de france', 'tour', 'the tour', 'tour of france', 'france', 'yellow', 'jersey', 'green', '2019', 'tdf', 'retro', 'first', 'first tour de france', '1903', 'mark beaumont', 'record', 'lyon', 'hard', 'fit', 'endurance', 'distance', 'long', 'ultra', 'touring', 'steel', 'bike', 'heavy', 'GCN', 'Global Cycling Network', 'Sports', 'Cycling', 'Bike', 'Bikes', 'Bicycle (Product Category)', 'Road Bike', 'Cyclist', 'GCN Cycling', 'velo', 'james', 'mark', 'beaumont', 'sec-feature', 'ඃ', 'c3', 'ළ', 'Բ', 'Կ', '3673']"
24,64,5.68,q3FCLdiVGWc,Can We Melt Disc Brakes!?,07/08/2022,09:00:22,304700,9035,837,12:31,"['melt', 'destroy', 'ruin', 'break', 'breaking', 'brake', 'brakes', 'braking', 'disc brakes', 'disc', 'disk', 'disc brake', 'disk brakes', 'breaks', 'rim', 'rim brakes', 'rim brake', 'descend', 'descending', 'climb', 'climbing', 'feathering', 'corner', 'cornering', 'pro', 'professional', 'brake fade', 'fade', 'noisy brakes', 'brake noise', 'GCN', 'Global Cycling Network', 'Sports', 'Cycling', 'Bike', 'Bikes', 'Bicycle (Product Category)', 'Road Bike', 'Cyclist', 'Road Bicycle', 'GCN Cycling', 'velo', 'sec-feature', 'ិ', 'ꗧ', 'Ղ', 'ሙ', 'ସ', 'ଙ', 'ホ', 'ィ', 'ನ', 'ዩ', 'ළ', 'ᡮ', 'Բ', 'Ժ', 'Ի', 'Ծ', 'Հ', 'ፕ15', 'ュ', 'ዮ', 'ዾ', '4780']"
25,79,5.66,uwk7qnnCmFI,The 30 mph Aero Challenge - How Fast Can Ollie Go?,11/07/2021,09:40:38,248911,7587,661,14:27:00,"['Aero', 'TT', 'Time trial', 'orbea', 'orbea ordu', 'ordu', 'dic wheel', 'disc', 'disc brake', 'disk', 'tt tech', 'tech', 'super aero', 'super', 'fast', 'zipp 808 nsw', 'nsw', '808', '808nsw', 'dropped', 'ollie', 'aero challenge', 'drag', 'air', 'CDA', 'coeficient', 'GCN', 'Global Cycling Network', 'Sports', 'Cycling', 'Bike', 'Bikes', 'Bicycle (Product Category)', 'Road Bike', 'Cyclist', 'Road Bicycle', 'GCN Cycling', 'velo', 'sec-feature', 'sca15', 'gc21s', 'ꗧ', 'r1', 'ꗶ', 'Ղ', 'n1', 'ሙ', 'ସ', 'ଙ', 'ホ', 'ケ', 'ው', 'ꖐ', 'ᠼ', 'ᡌ', 'ዩ', 'ළ', 'Բ', 'Ժ', 'Ի', 'Ծ', 'Ձ', 'ፕ15', 'ዮ', '4388']"
26,92,5.53,1oooqJQel7E,Can An E Bike Survive One Of Pro Cycling#39;s Toughest Climbs?,29/05/2022,09:00:01,202490,6205,503,9:56:00,"['Ebike', 'e bike', 'e-bike', 'electric', 'power', 'battery', 'how long', 'stelvio', 'stelvio pass', 'ribble e bike', 'ebiking', 'powered', 'e-cycling', 'ecycling', 'e cycling', 'fitness', 'fit', 'beginner', 'fast', 'environment', 'friendly', 'cobi', 'cobi bike', 'fun', 'commute', 'commuting', 'riding', 'city', 'electricity', 'renewable', 'energy', 'GCN', 'Global Cycling Network', 'Sports', 'Cycling', 'Bike', 'Bikes', 'Bicycle (Product Category)', 'Road Bike', 'Cyclist', 'Road Bicycle', 'GCN Cycling', 'velo', 'ollie', 'bridgewood', 'sec-feature', 'ꗧ', 'Ղ', 'n1', 'ሙ', 'ସ', 'ホ', 'ᠫ', '൱', 'ዩ', 'ළ', 'Բ', 'Ժ', 'Ի', 'Ծ', 'ፕ15', 'ュ', '4710']"
27,169,5.38,ELvRCJjrk7U,Modern bikes are 💩?!,26/04/2023,19:00:04,20430,365,81,00:38,"['modern bike', 'retro bike', 'disc brake', 'rim brake', 'modern bikes are bad', 'GCN', 'Global Cycling Network', 'Sports', 'Cycling', 'Bike', 'Bikes', 'Bicycle', 'Road Bike', 'Cyclist', 'GCN Cycling', 'velo', 'ፕ15', '಄', 'ꚢ', 'ኾ', 'sca15', 'gc21s', 'ꗧ', 'ホ', 'ସ', 'ሙ']"
28,85,5.18,DlIBKxB-nRg,Cycling Champion Vs Beginner On An E Bike | Who#39;s The Fastest Up Hill?,01/05/2021,09:00:04,235619,6726,559,10:42,"['climb', 'climbing', 'hill climb', 'hill', 'climber', 'andrew', 'feather', 'freddie', 'beginner', 'vs', 'amateur', 'pro', 'race', 'racing', 'ebike', 'bike', 'e-bike', 'is an amateur faster on an ebike', 'faster', 'fastest', 'grail', 'ON', 'watt', 'watts', 'watts per kilo', 'weight', 'mass', 'GCN', 'Global Cycling Network', 'Sports', 'Cycling', 'Bike', 'Bikes', 'Bicycle (Product Category)', 'Road Bike', 'Cyclist', 'Road Bicycle', 'GCN Cycling', 'velo', 'manon', 'lloyd', 'sec-feature', 'sca15', 'ᠫ', 'ཋ', 'ସ', 'ホ', 'ළ', 'Բ', 'Ժ', 'Ձ', 'ፕ15', '4317', 'Ղ']"
28,88,5.18,CVUnngkENeA,Are Road Pedals Faster than Flat Pedals? | Clips vs Flats Hill Climb Challenge,24/11/2019,10:00:01,303249,6357,946,09:31,"['pedal', 'pedals', 'clipless', 'clipless pedals', 'clip in pedals', 'clip pedals', 'clip', 'toe clip', 'flat pedals', 'flat', 'normal', 'flat pedal', 'hill climb', 'hill', 'climb', 'challenge', 'vs', 'faster', 'look', 'shimano', 'speedplay', 'pedalling', 'power', 'speed', 'cadence', 'cleats', 'cleat', 'cycling shoe', 'shoes', 'clip in shoes', 'clip shoeGCN', 'Global Cycling Network', 'Sports', 'Cycling', 'Bike', 'Bikes', 'Bicycle (Product Category)', 'Road Bike', 'Cyclist', 'GCN Cycling', 'velo', 'James', 'Chris', 'sec-feature', 'gc21s', 'ិ', 'gc11shs', 'ඃ', 'c3', 'r1', 'c1', 'h3', 'gc11sas', 'Ꮋ', 'n1', 'Ղ', 'ཋ', 'ሙ', 'ළ', 'Ա', 'Թ', 'Լ', 'Ծ', 'Հ', 'ፕ15', '3793']"
30,52,5.17,Jq2NKKtUFnI,What#39;s The Best Way To Ride To Work? | GCN Commuter Challenge,23/07/2022,09:00:20,493195,10663,1493,18:36:00,"['commuting', 'commute', 'travel', 'travelling', 'work', 'working', 'job', 'ribble', 'gravel', 'gravel bike', 'all road', 'all-road', 'all road bike', 'all-road bike', 'fast', 'fast bike', 'commuter bike', 'commuter', 'ebike', 'e bike', 'e-bike', 'best bike', 'super bike', 'superbike', 'titanium', 'ti', 'carbon', 'carbon fiber', 'GCN', 'Global Cycling Network', 'Sports', 'Cycling', 'Bike', 'Bikes', 'Bicycle (Product Category)', 'Road Bike', 'Cyclist', 'Road Bicycle', 'GCN Cycling', 'velo', 'sec-feature', 'ꗧ', 'Ղ', 'ሙ', 'ସ', 'ホ', 'ᠫ', '൱', 'ዩ', 'ළ', 'э', 'Բ', 'Ժ', 'Լ', 'Ծ', 'Հ', 'ፕ15', 'サ', 'ኾ', 'ዮ', 'ጎ', '4765']"
31,31,5.14,WIdpuVGO5zY,The World#39;s Biggest Climb? | GCN Vs Alto de Letras,22/03/2020,10:00:12,509774,16410,984,15:30,"['letras', 'alto de letras', 'colombia', 'columbia', 'epic ride', 'climb', 'climbing', 'mountain', 'altitude', 'long climb', 'longest climb', '80km', 'uphill', 'riding uphill', 'cycling uphill', 'cycling in colombia', 'high altitude', 'endurance', 'mountain pass', 'climber', 'south america', 'andes', 'egan bernal', 'strava', 'cafe de colombia', 'GCN', 'Global Cycling Network', 'Sports', 'Cycling', 'Bike', 'Bikes', 'Bicycle (Product Category)', 'Road Bike', 'Cyclist', 'GCN Cycling', 'velo', 'si', 'richardson', 'sec-feature', 'ិ', 'gc11shs', 'ඃ', 'c3', 'c1', 'gc11sas', 'Ղ', 'ཋ', 'ሙ', 'ଙ', 'パ', 'ළ', 'Բ', 'Ժ', 'ፕ15', '3912']"
32,103,5.13,65t3dPAZUMs,Can You Get Fit From Riding An E Bike?,08/12/2018,10:00:00,346783,5507,1236,11:04,"['GCN', 'Global Cycling Network', 'Sports', 'Cycling', 'Bike', 'Bikes', 'Bicycle (Product Category)', 'Road Bike', 'Cyclist', 'e bike', 'e-bike', 'electric bike', 'fit', 'fitter', 'get fit', 'e bike workout', 'e-bike workout', 'motor', 'engine', 'strava', 'kom', 'fazua', 'pinarello', 'pina', 'nytro', 'electric road bike', 'climb', 'speed limit', 'restricted', 'watts', 'power', 'heart rate', 'hill climb', 'new e-bike', 'new bike', 'first look', 'first ride', 'GCN Cycling', 'Cycling tips', 'cycling workout', 'cycling training', 'velo', 'dan lloyd', 'sec-feature', 'gc04s1', 'c3', 'Ղ', 'ཋ', 'ก', 'Ա', 'Ձ', 'හ']"
33,71,5.09,TloXwAlSkww,Is A Gravel Bike With Full Suspension Faster?,08/09/2019,09:00:08,398486,8233,1210,15:42,"['gravel', 'gravel bike', 'full-suspension', 'full-sus', 'full suspension', 'full', 'suspension', 'vs', 'versus', 'fast', 'faster', 'quick', 'quicker', 'niner', 'mcr', 'niner bikes', 'singletrack', 'gravel riding', 'all road', 'allroad', 'groad', 'offroad', 'off-road', 'GCN', 'Global Cycling Network', 'Sports', 'Cycling', 'Bike', 'Bikes', 'Bicycle (Product Category)', 'Road Bike', 'Cyclist', 'GCN Cycling', 'velo', 'simon richardson', 'sec-feature', 'ஐ', 'gc11shs', 'ඃ', 'c3', 'Ղ', 'ཋ', 'ඪ', 'ළ', 'Բ', 'Ի', 'Ծ', 'Ձ', 'ፕ15', '3683']"
34,68,5.05,IcE8kewRrbQ,"What Happens When A Beginner Cyclist Rides A £10,000 Super Bike?",05/08/2022,13:27:34,378050,8807,1036,18:05,"['expensive', 'luxury', 'super', 'super bike', 'superbike', 'carbon', 'carbon fiber', 'carbon fibre', 'fiber', 'fibre', 'orbea', 'pinarello', 'beginner', 'amateur', 'pro', 'beginner cyclist', 'amateur cyclist', 'climb', 'climbing', 'light', 'lightweight', 'sprint', 'sprinter', 'climber', 'sprinting', 'tt', 'time trial', 'GCN', 'Global Cycling Network', 'Sports', 'Cycling', 'Bike', 'Bikes', 'Bicycle (Product Category)', 'Road Bike', 'Cyclist', 'Road Bicycle', 'GCN Cycling', 'velo', 'sec-feature', 'sca15', 'gc21s', 'ិ', 'ꗧ', 'r1', 'ꗶ', 'Ղ', 'n1', 'ሙ', 'ସ', 'ଙ', 'ホ', 'ᠫ', 'ළ', 'Ꮽ', 'Ա', 'Ժ', 'Լ', 'Ծ', 'Ձ', 'ፕ15', 'ェ', 'ጎ', '4778']"
35,98,5.01,B4xJVaU35Ko,"Vintage Bike, Modern Rider - How Hard Is The World#39;s Oldest Bike Race?",13/02/2022,10:00:08,227484,5717,575,17:00:00,"['vintage', 'steel', 'is', 'real', 'milano', 'torino', 'retro', 'race', 'racing', 'endurance', 'modern', 'soft', 'hard', 'as', 'nails', 'old', 'school', ""don't make them like they used to"", 'GCN', 'Global Cycling Network', 'Sports', 'Cycling', 'Bike', 'Bikes', 'Bicycle (Product Category)', 'Road Bike', 'Cyclist', 'race news', 'race news show', 'racing news', 'GCN Cycling', 'velo', 'oliver', 'ollie', 'bridgewood', 'sec-feature', 'ិ', 'ꗧ', 'ꗶ', 'Ղ', 'ཋ', 'ሙ', 'ସ', 'ළ', 'ꕉ', 'δ', 'Բ', 'ፕ14', 'ዮ', '4605', 'superga']"
35,18,5.01,PJ8o0f2aAjA,Can A Gravel Bike Keep Up Off Road? | GCN Vs GMBN,30/08/2020,09:00:06,687093,22418,1206,13:07,"['shimano', 'grx', 'gravel', 'mountian', 'bike', 'biking', 'mtb', 'downhill', 'cross', 'country', 'shred', 'beginner', 'jump', 'off', 'road', 'groupset', 'clutch', 'shift', 'shifting', 'rear', 'mech', 'front', 'shifter', 'brakes', 'hydraulic', 'chain', 'enduro', 'vs', 'roadie', 'mtber', 'GCN', 'Global Cycling Network', 'Sports', 'Cycling', 'Bike', 'Bikes', 'Bicycle (Product Category)', 'Road Bike', 'Cyclist', 'Road Bicycle', 'GCN Cycling', 'velo', 'ollie', 'bridgewood', 'james', 'lowsley', 'williams', 'hank', 'sec-feature', 'sca15', 'gc21s', 'c1', 'gc11sas', 'n1', 'ସ', 'ଙ', 'パ', 'ィ', 'ゲ', 'ዩ', 'ළ', 'Բ', 'Ժ', 'Ի', 'Ձ', 'ፕ15', 'ズ', 'ዮ', 'ፎ', '4073']"
37,65,4.95,5kX0ZlC3MbE,Running Vs Cycling | Which Sport Burns More Calories?,24/01/2021,10:00:01,385494,9034,1018,08:42,"['run', 'calories', 'calorie', 'kilocalorie', 'kilocalories', 'which', 'burns', 'burn', 'more', 'training', 'gtn', 'triathlon', 'duathlon', 'running', 'fast', 'quick', 'weight', 'weight loss', 'faster', 'hour', 'efficient', 'gcn vs gtn', 'science', 'gcn does science', 'GCN', 'Global Cycling Network', 'Sports', 'Cycling', 'Bike', 'Bikes', 'Bicycle (Product Category)', 'Road Bike', 'Cyclist', 'Road Bicycle', 'GCN Cycling', 'velo', 'sec-feature', 'sca15', 'ិ', 'gc11shs', 'ଐ', 'r1', 'ꗶ', 'n1', 'Ղ', 'ཋ', 'ោ', 'ሙ', 'ସ', 'ଙ', 'ホ', 'Բ', 'ፕ1', '4220']"
38,35,4.91,ngsAD-gcOKA,"Pro Cyclist VS...His Dad!? | Road Bike Takes On E Bike, But Who Is Faster?",09/08/2020,09:00:09,566666,14096,1387,22:18,"['e bike', 'e-bike', 'eco', 'turbo', 'electric bike', 'bosch', 'family', 'dad', 'hanks dad', 'chavenage house', 'cotswolds', 'training ride', 'race', 'vs', 'e bike vs regular bike', 'canyon ultimate', 'family ride', 'father son ride', 'motorbike', 'bmw motorbike', '1200cc', 'GCN', 'Global Cycling Network', 'Sports', 'Cycling', 'Bike', 'Bikes', 'Bicycle (Product Category)', 'Road Bike', 'Cyclist', 'Road Bicycle', 'GCN Cycling', 'velo', 'james', 'lowsley', 'williams', 'hank', 'george', 'sec-feature', 'sca15', 'gc21s', 'ិ', 'gc11shs', 'ଐ', 'gc11sas', 'n1', 'ඡ', 'ニ', 'Ղ', 'ཋ', 'ሩ', 'ସ', 'ଙ', 'ホ', 'ィ', 'ළ', 'Ա', 'Ժ', 'Լ', 'Ծ', 'Ձ', 'ፕ15', 'ヵ', 'ዾ', '4052']"
39,90,4.9,bs8NJTotUbI,Cycling#39;s Hour Record: Can Ollie Beat Eddy Merckx?,01/12/2019,10:00:06,220293,6281,460,17:55,"['Hour', 'hour record', 'Cannibal', 'Eddy Merckx', 'aero', 'watts', 'power', 'sufferfest', 'training', 'ftp', 'interval', 'intervals', 'velodrome', 'track', 'time trial', 'timetrialling', 'tt', 'wind tunnel', 'testing', 'threshold', 'fuctional threshold power', 'racing', 'merckx', 'workout', 'GCN', 'Global Cycling Network', 'Sports', 'Cycling', 'Bike', 'Bikes', 'Bicycle (Product Category)', 'Road Bike', 'Cyclist', 'GCN Cycling', 'velo', 'ollie', 'bridgewood', 'sec-feature', 'sca15', 'ិ', 'gc11shs', 'ඃ', 'c3', 'c1', 'h3', 'gc11sas', 'Ꮋ', 'n1', 'v1', 'Ղ', 'ཋ', 'ោ', 'ሙ', 'ሹ', 'ዩ', 'Բ', 'Ե', 'ፕ15', '3800']"
40,122,4.87,Jv50vHHwWY0,What’s The Difference Between GRX amp; Road Groupsets?,27/05/2022,09:00:35,194922,4118,548,12:23,"['shimano', 'shimano grx', 'grx', 'shimano ultegra', 'ultegra', 'groupset', 'groupsets', 'road groupset', 'gravel groupset', 'road bike', 'gravel bike', 'road', 'gravel', 'comparison', 'best groupset', 'gravel riding', 'road riding', 'gravel cycling', 'off road', 'road cycling', 'guide', 'buyers guide', 'compare', 'compared', 'GCN', 'Global Cycling Network', 'Sports', 'Cycling', 'Bike', 'Bikes', 'Bicycle (Product Category)', 'Road Bike', 'Cyclist', 'Road Bicycle', 'GCN Cycling', 'velo', 'si', 'sec-feature', 'sca15', 'gc21s', 'ꗧ', 'ꔈ', 'ꗶ', 'Ղ', 'n1', 'ሙ', 'ସ', 'ଙ', 'ホ', 'ꗖ', '𐒎', 'ೄ', 'ዩ', 'ළ', 'ᡞ', 'Բ', 'Ի', 'Ծ', 'Ձ', 'ፕ15', 'サ', 'ኾ', '4708']"
41,77,4.84,dnlCkVw2TS8,Can We Beat A Tour De France Pro? 2 Vs 1 Challenge,26/02/2022,10:00:31,229473,7654,353,09:09,"['fred wright', 'fred', 'wright', 'bahrain victorious', 'bahrain', 'victorious', 'race', 'challenge', 'time trial', 'tt', 'merida', 'scultura', 'merida scultura', 'gcn', 'gcn vs', 'gcn race', 'gcn challenge', 'cycling', 'cycling challenge', '2 vs 1', '2vs1', '2v1', 'pro', 'cyclist', 'professional', 'world tour', 'worldtour', 'tour de france', 'tdf', 'tour', 'de', 'france', 'GCN', 'Global Cycling Network', 'Sports', 'Cycling', 'Bike', 'Bikes', 'Bicycle (Product Category)', 'Road Bike', 'Cyclist', 'Road Bicycle', 'GCN Cycling', 'velo', 'sec-feature', 'c1', 'Ղ', 'ඡ', 'ཋ', 'ሙ', 'ସ', 'ホ', 'パ', '𐒌', 'ዩ', 'ළ', 'Ꮽ', 'Բ', 'Ժ', 'Լ', 'Ծ', 'ፕ15', 'ュ', 'ዮ', '꘎', '4618']"
42,107,4.81,VocgsF-KMpw,Why Cyclists Should Run | Can Running Really Help Your Cycling?,15/12/2018,10:00:02,280811,5350,827,05:50,"['GCN', 'Global Cycling Network', 'Sports', 'Cycling', 'Bike', 'Bikes', 'Bicycle (Product Category)', 'Road Bike', 'Cyclist', 'run', 'running', 'cyclist', 'cycling', 'cylists run', 'off season', 'cross training', 'should i run', 'run workout', 'workout', 'fitness', 'cycling fitness', 'cross-training', 'crosstrain', 'cross-train', 'bone density', 'osteoporosis', 'travelling', 'social', 'weather', 'doms', 'muscle soreness', 'ache', 'aching', 'run aching', 'GCN Cycling', 'Cycling tips', 'cycling workout', 'cycling training', 'velo', 'chris opie', 'emma pooley', 'sec-feature', 'd2', 'ཋ', 'Ա', 'Ը']"
43,97,4.75,mvpEvD--wAM,Can A $300 Amazon Bike Survive The Paris-Roubaix Cobbles?,02/04/2022,09:00:17,221014,5741,481,10:45,"['eurobike', 'cheap', 'cheap bike', 'budget', 'budget bike', 'amazon', 'amazon bike', 'paris-roubaix', 'paris roubaix', 'roubaix', 'cobbles', 'cobblestones', 'pavé', 'pavés', 'pave', 'paves', 'cobbled', 'sector', 'trouée d’arenberg', 'trouee d’arenberg', 'arenberg', 'arenberg forest', 'forest of arenberg', 'arenburg', 'challenge', 'brutal', 'vs', 'GCN', 'Global Cycling Network', 'Sports', 'Cycling', 'Bike', 'Bikes', 'Bicycle (Product Category)', 'Road Bike', 'Cyclist', 'Road Bicycle', 'GCN Cycling', 'velo', 'manon', 'alex', 'sec-feature', 'gc21s', 'ꗧ', 'c1', 'Ղ', 'n1', 'ସ', 'ホ', 'パ', 'ළ', 'ꕮ', 'ꕉ', 'δ', 'Գ', 'Ժ', 'Ի', 'Ծ', 'ፕ15', 'ಓ', '꘎', 'ጎ', '4653']"
44,46,4.62,FS72Cd6-vdw,What#39;s It Like To Ride A Pro Gravel Race? | Manon#39;s First Race On Gravel!,25/09/2021,09:00:14,404374,11793,704,17:59,"['gravel', 'off-road', 'off road', 'race', 'champs', 'championships', 'national', 'dirt', 'aero', 'fast', 'pro', 'professional', 'endurance', 'epic', 'climb', 'climbing', 'climber', 'effort', 'hard', 'tricky', 'difficult', 'snad', 'GCN', 'Global Cycling Network', 'Sports', 'Cycling', 'Bike', 'Bikes', 'Bicycle (Product Category)', 'Road Bike', 'Cyclist', 'Road Bicycle', 'GCN Cycling', 'velo', 'manon', 'lloyd', 'sec-feature', 'Ղ', 'n1', 'ඡ', 'ක', 'ཋ', 'ሙ', 'ସ', 'ホ', '߲\u200e', 'ዩ', 'ළ', 'Բ', 'Ժ', 'Լ', 'Խ', 'Ձ', 'ፕ12', 'ጎ', '4464']"
45,159,4.61,gTcTN8q3ww0,Are Weekend Warriors The Healthiest Cyclists? | The GCN Show Ep. 211,24/01/2017,18:20:55,158188,1862,557,22:07,"['gcn show', 'cycling', 'cycling news', 'pro cycling', 'bicycle', 'bike', 'weekend warriors', 'GCN', 'Global Cycling Network', 'Sports', 'Cycling', 'Bike', 'Road Bike', 'Cyclist', 'GCN Cycling', 'Cycling Tips', 'Bikes', 'Bicycle (Product Category)', 'cycling workout', 'cycling training', 'velo', 'tour down under', 'richie porte', 'cyclocross', 'peter sagan', 'graphene', 'gcn cycling show', 'professional cycling', 'bike news', 'cyclocross world championshoips', 'bieles', 'ja17', 'sec-show', 'e1', 'q1', 'e3', 'g2']"
46,80,4.6,mDzBfdYV9jE,Can An E Bike Make You Fast Enough To Train With A Pro Cyclist?,18/07/2021,09:00:17,310858,7515,688,15:33,"['ribble', 'endurance', 'sle', 'sl', 'electric', 'ebike', 'e-bike', 'electric bike', 'power', 'assist', 'pro', 'training', 'partner', 'group', 'ride', 'steep', 'climb', 'weldtite', 'amateur', 'vs', 'professional', 'hillclimb', 'hill climb', 'up', 'hill', 'beat', 'handling', 'descent', 'mahle', 'motor', 'hub', 'light', 'aero', 'sl e', 'lake district', 'wyrnrose pass', 'pass', 'KoM', 'strava', 'wider', 'accessible', 'accessibility', 'james', 'shaw', 'GCN', 'Global Cycling Network', 'Sports', 'Cycling', 'Bike', 'Bikes', 'Bicycle (Product Category)', 'Road Bike', 'Cyclist', 'Road Bicycle', 'GCN Cycling', 'velo', 'sec-feature', 'ꗧ', 'ཋ', 'ସ', 'ホ', 'ᢙ', 'ዩ', 'ፕ1', 'ዮ', '4395']"
47,87,4.59,iW0DKcT5pB4,The Next Evolution Of Gravel Bike Tech? | SRAM XPLR Collection,29/08/2021,09:05:21,340179,6453,924,20:33,"['xplr', 'explore', 'sram', 'rockshox', 'zipp', 'wheels', 'gravel', 'mtb', 'off road', 'gear ratio', 'gears', 'low gear', 'drop post', 'dropper post', 'suspension', 'gravel bike', 'grizl', '10-44', 'derailleur', 'wireless', 'fork', 'rock shox', 'rudy', 'handling', 'travel', '30mm', '40mm', 'reverb', 'zipp 101', 'compliance', 'comfort', 'fun', 'rims', 'strava segment', 'tech', 'GCN', 'Global Cycling Network', 'Sports', 'Cycling', 'Bike', 'Bikes', 'Bicycle (Product Category)', 'Road Bike', 'Cyclist', 'Road Bicycle', 'GCN Cycling', 'velo', 'sec-feature', 'sca15', 'ꗧ', 'r1', 'gc11sas', 'Ղ', 'ཋ', 'ሙ', 'ସ', 'ଙ', 'ホ', 'ꗖ', 'gc24b', 'ዩ', 'ፕ15', 'ኾ', '4437', 'ꔦ']"
48,9,4.54,qUbA5iHqC6U,"How Hard Did Cycling Use To Be? | Modern Cyclist, Retro Bike, Classic Climb",30/05/2019,17:13:10,1029081,28918,1784,11:52,"['retro', 'retro bike', 'old', 'steel', 'steel bike', 'steel frame', 'race', 'racing', 'giro', ""giro d'italia"", 'italy', 'gears', 'fixie', 'fixed gear', 'climb', 'climbing', 'tour', 'le tour', 'ebay', 'hard', 'modern', 'cyclist', 'mountain', 'col', 'colle', 'single', 'dolomite', ""croce d'aune"", 'passo', 'campagnolo', 'derailleur', 'GCN', 'Global Cycling Network', 'Sports', 'Cycling', 'Bike', 'Bikes', 'Bicycle (Product Category)', 'Road Bike', 'Cyclist', 'GCN Cycling', 'velo', 'ollie bridgewood', 'sec-feature', 'gc21s', 'gc11shs', 'ඃ', 'c3', 'r1', 'h3', 'gc11sas', 'Ꮋ', 'p1', 'ළ', 'Բ', 'Ի', 'Ձ', '3615']"
49,123,4.51,Thg9dz_snNI,Can You Ride Cyclo-Cross On A Gravel Bike? | CX vs Gravel Bikes For Racing,16/08/2019,09:00:05,155328,4090,303,09:11,"['gravel', 'cyclo-cross', 'cross', 'cx', 'monstercross', 'cyclocross', 'off road', 'grass', 'mud', 'dirt', 'race', 'racing', 'ride', 'cornering', 'tires', 'tyres', 'tire', 'tyre', '33', 'rider', 'skills', 'skill', 'GCN', 'Global Cycling Network', 'Sports', 'Cycling', 'Bike', 'Bikes', 'Bicycle (Product Category)', 'Road Bike', 'Cyclist', 'GCN Cycling', 'velo', 'jeremy powers', 'powers', 'jeremy', 'pows', 'j-pows', 'sec-feature', 'ஐ', 'sca15', 'gc21s', 'ិ', 'gc11shs', 'ඃ', 'c3', 'r1', 'h3', 'gc11sas', 'Ꮋ', 'p1', 'Ղ', 'ཋ', 'ළ', 'Բ', 'Լ', 'Ծ', 'Ձ', '3693']"
49,141,4.51,RwXxRc8S3u0,Are These The Most Annoying Things About Cycling? | GCN Show Ep. 481,29/03/2022,17:02:27,190511,2882,582,14:01,"['biniam', 'girmay', 'ghirmay', 'grmaye', 'grmay', 'annoy', 'annoying', 'most annoying', 'frustrating', 'peeves', 'racing', 'gent', 'wevelgem', 'flanders', 'inspiration', 'hack', 'bodge', 'hack/bodge', 'cycling shorts', 'extreme corner', 'caption', 'competition', 'cycling news', 'bike news', 'news', 'GCN', 'Global Cycling Network', 'Sports', 'Cycling', 'Bike', 'Bikes', 'Bicycle (Product Category)', 'Road Bike', 'Cyclist', 'gcn show', 'the gcn show', 'Road Bicycle', 'GCN Cycling', 'velo', 'si', 'simon', 'manon', 'པ', 'sca15', 'gc21s', 'ិ', 'ꗧ', 'c1', 'ꗶ', 'Ղ', 'n1', 'e3', 'g3', 'ោ', 'ሩ', 'ସ', 'ଙ', 'ホ', 'パ', 'ィ', 'ው', 'ꖐ', 'ළ', 'ꕉ', 'Ꮽ', 'ꚱ', 'Բ', 'Ե', 'Լ', 'Ծ', 'ፕ3', 'サ', 'ኾ', 'ጎ', '4649']"
51,43,4.44,3E1vOhBcsdg,Cutting Edge Vs Classic Bike | How Much Faster Is A Modern Superbike?,05/12/2020,10:00:01,715633,12166,1972,23:58,"['wilier', 'wilier bike', 'trestina', 'classic', 'retro', 'modern', 'filante', 'superleggera', 'steel', 'carbon', 'aero', 'stiff', 'light', 'weight', 'lightweight', 'fastest', 'fast', 'coolest', 'cool', 'cafe', 'stop', 'speed', 'style', 'stylish', 'cheddar', 'gorge', 'old', 'disk', 'rim', 'brakes', 'design', 'custom', 'strenght', 'climb', 'sprint', 'stiffness', 'GCN', 'Global Cycling Network', 'Sports', 'Cycling', 'Bike', 'Bikes', 'Bicycle (Product Category)', 'Road Bike', 'Cyclist', 'Road Bicycle', 'GCN Cycling', 'velo', 'si', 'richardson', 'ollie', 'bridgewood', 'sec-feature', 'gc11shs', 'c3', 'ཋ', 'ሙ', 'ସ', 'ホ', 'ꗖ', 'ꘀ', 'ዩ', 'ළ', 'Բ', 'Ի', 'Ձ', 'ፕ15', 'サ', 'ዮ', 'ኾ', '4170']"
52,111,4.38,TPsTCpdJawM,When Roadies Ride Mountain Bikes... | Can Fitness Beat Technique In XC?,15/05/2021,09:00:14,189594,4974,340,17:05,"['roadie', 'road cyclist', 'road cycling', 'road rider', 'mountain bike', 'mtb', 'mountain biker', 'vs', 'mountain biker vs road cyclist', 'how to be a mountain biker', 'wilier', 'wilier mtb', 'carbon', 'carbon mtb', 'carbon frame', '29er', '29 inch', 'suspension', 'urta', 'full sus', 'full suspension', 'GCN', 'Global Cycling Network', 'Sports', 'Cycling', 'Bike', 'Bikes', 'Bicycle (Product Category)', 'Road Bike', 'Cyclist', 'Road Bicycle', 'GCN Cycling', 'velo', 'sec-feature', 'sca15', 'gc11shs', 'ꗧ', 'c1', 'gc11sas', 'ꗶ', 'ཋ', 'ሙ', 'ସ', 'ଙ', 'ホ', 'ケ', 'パ', 'ꘈ', 'ዩ', 'ළ', 'ꔹ', 'Բ', 'Ժ', 'Լ', 'Ծ', 'Ձ', 'ፕ15', 'ヵ', 'ዾ', 'ቯ', '4331']"
53,118,4.27,ndCW2xAjBWw,Can We Win The Hardest Bike Race In The World? | Race Across America,12/06/2022,09:00:41,177982,4356,331,19:32,"['epic', 'raam', 'race', 'across', 'america', 'race across america', 'mark', 'beaumont', 'challenge', 'prep', 'prepare', 'preparation', 'train', 'training', 'trains', 'hard', 'hardest', 'endurance', 'ultra', 'ultra race', 'endurance athlete', 'athlete', 'record', 'record breaking', 'break', 'world record', 'world', 'GCN', 'Global Cycling Network', 'Sports', 'Cycling', 'Bike', 'Bikes', 'Bicycle (Product Category)', 'Road Bike', 'Cyclist', 'Road Bicycle', 'GCN Cycling', 'velo', 'sec-feature', 'ꗧ', 'r1', 'ꔈ', 'ሙ', 'ସ', 'ホ', 'ᠫ', '𐒎', 'ತ', 'ꛄ', 'ዩ', 'ළ', 'ꕉ', 'Ꮽ', 'Բ', 'Ժ', 'Լ', 'Խ', 'Ձ', 'ፕ14', 'サ', 'ኾ', '4724']"
54,22,4.23,mHwUC8Tcx5o,Can Two Roadies Beat One Time Trial Bike?,10/10/2020,09:00:18,751776,18612,1327,13:45,"['orbea', 'orbea tt bike', 'orbea ordu', 'tt bike', 'time trial', 'itt', '2 up', 'breakaway', 'chaingang', 'through and off', 'race', 'head to head', 'vs', '2 against 1', 'faster', 'speed', 'aero', 'challenge', 'competition', 'racing', 'time trial bike vs 2 road bikes', 'GCN', 'Global Cycling Network', 'Sports', 'Cycling', 'Bike', 'Bikes', 'Bicycle (Product Category)', 'Road Bike', 'Cyclist', 'Road Bicycle', 'GCN Cycling', 'velo', 'si', 'richardson', 'james', 'lowsley', 'williams', 'conor', 'dunne', 'sec-feature', 'gc21s', 'gc11shs', 'c3', 'ଐ', 'c1', 'n1', 'Ղ', 'ཋ', 'ሙ', 'ସ', 'ଙ', 'ホ', 'パ', 'ィ', 'ዩ', 'ළ', 'Բ', 'Ժ', 'Լ', 'Խ', 'Ձ', 'ፕ15', 'サ', 'ኾ', 'ጞ', 'ዾ', '4114']"
55,143,4.2,0DHf2Eci-3k,Are Disc Brakes Dangerous To Road Cyclists? | The GCN Show Ep. 171,19/04/2016,17:00:00,233311,2773,717,20:23,"['GCN', 'Global Cycling Network', 'Sports', 'Cycling', 'Bike', 'Road Bike', 'Cyclist', 'GCN Cycling', 'Cycling Tips', 'Bikes', 'Bicycle (Product Category)', 'cycling workout', 'cycling training', 'velo', 'bicicletas', 'bici ciclismo', 'velo route', 'fahrrad', 'fiets', 'ap16', 'sec-show', 'disc brake', 'ban', 'banned', 'fran ventoso', 'paris-roubaix', 'crash', 'injury', 'motor', 'mechanical doping', 'motorised doping', 'hidden motor', 'pro cycling', 'amstel gold race', 'ikea', 'speedx', 'speedx leopard', 'kickstarter', 'bamboo bicycle', 'zwift', 'canyon-sram', 'peter sagan']"
56,104,4.19,I_zV-9JKg3k,Road Vs Gravel | Which Bike Gives You More Value For Money?,13/06/2021,09:00:15,279351,5482,634,11:39,"['road', 'gravel', 'road vs gravel', 'road bike', 'gravel bike', 'chose', 'choice', 'all round', 'value', 'bang', 'buck', 'vs', 'value for money', 'first bike', 'which bike should I buy', 'off-road', 'off road', 'tyre', 'tyres', 'tire', 'tires', 'race', 'racing', 'adventure', 'GCN', 'Global Cycling Network', 'Sports', 'Cycling', 'Bike', 'Bikes', 'Bicycle (Product Category)', 'Road Bike', 'Cyclist', 'Road Bicycle', 'GCN Cycling', 'velo', 'si', 'richardson', 'alex', 'paton', 'sec-feature', 'ꗧ', 'ସ', 'ホ', 'ᢙ', 'ዩ', 'ළ', 'Ա', 'Ժ', 'Լ', 'Ծ', 'Հ', 'ፕ15', '4360']"
57,84,4.1,Yd82c_BzwoU,Can Roadies Get Rad? | Si Learns To Jump With GMBN#39;s Blake Samson,13/07/2019,09:00:05,258762,6743,399,16:01,"['jump', 'jumping', 'mountain bike', 'mountain biking', 'mtb', 'air', 'how to', 'road cyclist', 'tabletop', 'learn', 'beginner', 'basic', 'introduction', 'canyon', 'strive', 'windhill', 'bike park', 'gap', 'big', 'bigger', 'lycra', 'cross country', 'xc', 'GCN', 'Global Cycling Network', 'Sports', 'Cycling', 'Bike', 'Bikes', 'Bicycle (Product Category)', 'Road Bike', 'Cyclist', 'GCN Cycling', 'velo', 'sec-feature', 'sca15', 'gc21s', 'ඃ', 'r1', 'h3', 'gc11sas', 'ළ', 'Լ', 'Ծ', 'Ձ', '3659', 'ሥ']"
57,142,4.1,Sj-jarB_swE,Do Super-Expensive Superbikes Have A Place In Cycling? | GCN Show Ep. 485,26/04/2022,16:35:07,224198,2875,643,13:08,"['inspiration', 'gcn inspiration', 'hack', 'bodge', 'hack/bodge', 'hacks', 'bodges', 'cycling shorts', 'comments', 'caption', 'competition', 'cycling news', 'bike news', 'news', 'colnago', 'c68', 'bmc', 'masterpiece', 'expensive', 'price', 'pricey', 'cost', 'money', '20000', 'bike market', 'market', 'luxury', 'cheap', 'value', 'GCN', 'Global Cycling Network', 'Sports', 'Cycling', 'Bike', 'Bikes', 'Bicycle (Product Category)', 'Road Bike', 'Cyclist', 'gcn show', 'the gcn show', 'Road Bicycle', 'GCN Cycling', 'velo', 'dan', 'si', 'simon', 'པ', 'sca15', 'ិ', 'ꗧ', 'ꔈ', 'ꗶ', 'Ղ', 'n1', 'ោ', 'ሙ', 'ସ', 'ଙ', 'ホ', 'ው', 'ꖐ', 'ළ', 'ꕉ', 'Ꮽ', 'ꚢ', 'Բ', 'Ե', 'Լ', 'Ծ', 'Հ', 'ፕ3', 'サ', 'ኾ', 'ዎ', '4677']"
59,106,4,_ZjXsMFVmm8,How Do Cyclists#39; Asses Survive The Tour De France?!,06/07/2022,16:20:28,194763,5362,257,05:40,"['tour', 'de', 'france', 'tour de france', '2022 tour', '2022 tour de france', 'tour 2022', 'tour de france 2022', 'saddle', 'tt', 'TT', 'timetrial', 'time trial', 'comfort', 'comfy', '3d print', '3d printed', 'ineos', 'ineos grenadiers', 'grenadiers', 'tom', 'pidcock', 'geraint', 'thomas', 'grand tour', 'grand', 'grand boucle', 'position', 'bike fit', 'GCN', 'Global Cycling Network', 'Sports', 'Cycling', 'Bike', 'Bikes', 'Bicycle (Product Category)', 'Road Bike', 'Cyclist', 'Road Bicycle', 'GCN Cycling', 'velo', 'sec-feature', 'ិ', 'ꔈ', 'ሙ', '𐒎', '߰\u200e', 'ዩ', 'ළ', 'δ', 'Բ', 'Ժ', 'Ի', 'Կ', 'Ձ', 'ፕ8', 'サ', 'ኾ', '4748']"
60,37,3.97,FXK0u16Vn-8,Endurance Tortoise Vs Aero Hare | Who Can Ride The Furthest?,26/12/2020,10:00:08,546209,13708,807,22:40,"['solstice', 'shortest', 'day', 'longest', 'ride', 'challenge', 'endurance', 'all day', 'tt', 'time trial', 'sportive', 'vs', 'which is best', 'head to head', 'how far', 'ultra', 'dawn', 'to', 'dusk', 'shortest day of the year', 'strategy', 'nutrition', 'position', 'tortoise', 'hare', 'GCN', 'Global Cycling Network', 'Sports', 'Cycling', 'Bike', 'Bikes', 'Bicycle (Product Category)', 'Road Bike', 'Cyclist', 'Road Bicycle', 'GCN Cycling', 'velo', 'hank', 'james', 'mark', 'beaumont', 'sec-feature', 'gc11shs', 'r1', 'ꔈ', 'ꗶ', 'Ꮋ', 'n1', 'Ղ', 'ཋ', 'ሙ', 'ସ', 'ଙ', 'ホ', 'ଫ', 'ዩ', 'ළ', 'Բ', 'Ժ', 'Ձ', 'ፕ15', '4191', 'ꖰ']"
61,144,3.95,ZyH85d4e2dU,How Do Tour De France Riders Choose Their Bikes?,11/07/2022,15:34:20,113850,2760,186,02:48,"['tour', 'de', 'france', 'tour de france', '2022 tour', '2022 tour de france', 'tour 2022', 'tour de france 2022', 'pro', 'sponsor', 'pro cycling', 'stage', 'road bike', 'which road bike', 'tour de france speed', 'disc brakes', 'frame', 'rim brakes', 'saddle', 'tt', 'TT', 'timetrial', 'time trial', 'ineos', 'movistar', 'GCN', 'Global Cycling Network', 'Sports', 'Cycling', 'Bike', 'Bikes', 'Bicycle (Product Category)', 'Road Bike', 'Cyclist', 'Road Bicycle', 'GCN Cycling', 'velo', 'sec-feature', 'sca15', 'ិ', 'r1', 'ළ', 'ᠣ', 'δ', 'Ա', 'Ժ', 'Ի', 'Խ', 'ፕ8', 'サ', '4753']"
62,82,3.93,vNKrkrPsAGM,Seismic Shifts - Are These The Biggest Bike Innovations In Shimano’s 100 Year History?,08/05/2021,09:30:04,327847,7275,579,13:13,"['shimano', 'gears', 'shift', 'shifting', 'changing', 'innovation', '100', 'years', 'sis', 'sti', 'di2', 'hyperglide', 'click', 'electronic', 'retro', 'vintage', 'old', 'tech', 'technology', 'history', '80s', 'gear', 'indexed', 'index', 'indexing', 'gitane', 'integrated', 'integration', '90s', 'steel', 'classic', 'invention', 'advancements', 'engineering', 'improvements', 'down-tube', 'down tube', 'eddy merckx', 'cervelo', 'GCN', 'Global Cycling Network', 'Sports', 'Cycling', 'Bike', 'Bikes', 'Bicycle (Product Category)', 'Road Bike', 'Cyclist', 'Road Bicycle', 'GCN Cycling', 'velo', 'sec-feature', 'ꗧ', 'ꔈ', 'ཋ', 'ସ', 'ホ', 'ᡨ', 'ዩ', 'Բ', 'Ի', 'ፕ15', '꘎', 'ዮ', '4324']"
62,162,3.93,Oda6wKxAv1c,How Did Chris Froome Win The Tour De France...Again?! | The GCN Show Ep. 185,26/07/2016,16:42:35,178265,1681,545,19:44,"['GCN', 'Global Cycling Network', 'Sports', 'Cycling', 'Bike', 'Road Bike', 'Cyclist', 'GCN Cycling', 'Cycling Tips', 'Bikes', 'Bicycle (Product Category)', 'cycling workout', 'cycling training', 'velo', 'bicicletas', 'bici ciclismo', 'velo route', 'fahrrad', 'fiets', 'jul16', 'sec-show', 'gc04s1', 'gc21s', 'c1', 'chris froome', 'team sky', 'tour de france', 'crash', 'la course', 'nairo quintana', 'romain bardet', 'adam yates', 'cycling news', 'news show', 'gcn news', 'peter sagan', 'fsa groupset', 'competition', 'orbea', 'kask']"
64,96,3.92,uBDGaa-miR0,Hero to ?... | How Much Fitness Has Conor Lost Since He Was A Professional Cyclist?,23/01/2021,10:00:31,270090,5871,489,15:27:00,"['watts', 'power', 'fitness', 'how fit are pro athletes', 'how fit are pros', 'pro cyclists', 'professional cyclists', 'ryan mullen', 'zwift', 'innsbruck', 'get fit', 'fitter', 'lose fitness', 'how fit are pro cyclists', 'trek', 'ftp', 'racing', 'race', 'lose weight', 'weight', 'GCN', 'Global Cycling Network', 'Sports', 'Cycling', 'Bike', 'Bikes', 'Bicycle (Product Category)', 'Road Bike', 'Cyclist', 'Road Bicycle', 'GCN Cycling', 'velo', 'sec-feature', 'gc21s', 'gc11shs', 'r1', 'e3', 'Ղ', 'ཋ', 'ោ', 'ሙ', 'ସ', 'ଙ', 'ホ', 'ィ', 'gc22b', 'ऋ', 'ዩ', 'ළ', 'Բ', 'Ե', 'Հ', 'ፕ15', 'ザ', 'ጞ', '4219']"
65,127,3.91,XzQJzDzXBG4,What#39;s Really Holding You Back? | The Secrets Of Heart Rate Variability With WHOOP,25/07/2019,17:00:04,202197,3888,419,18:55,"['whoop', 'whoop smart tech', 'wearable', 'wearable tech', 'technology', 'monitor', 'smart tech', 'smart watch', 'strap', 'health', 'recovery', 'measure', 'sleep', 'data', 'rest', 'better', 'injury', 'injured', 'train', 'training', 'workout', 'fitness', 'fit', 'fitness tracker', 'tracking', 'circadian', 'rhythm', 'GCN', 'Global Cycling Network', 'Sports', 'Cycling', 'Bike', 'Bikes', 'Bicycle (Product Category)', 'Road Bike', 'Cyclist', 'GCN Cycling', 'velo', 'si', 'richardson', 'sec-feature', 'sca15', 'ඃ', 'c3', 'ཋ', 'ឣ', 'ළ', 'Բ', 'Ի', '3671']"
66,112,3.77,7dx_y0KVkj8,NEW Zipp 303 Firecrest Wheels - A Tyre Pressure Revolution?,29/05/2020,15:38:28,310523,4915,686,11:20,"['zipp firecrest', 'zipp 303', 'zipp 303 firecrest', 'tubeless', 'tubeless tyres', '28mm tyres', 'wide tyres', 'hookless', 'hookless rim bed', 'wide internal rim', 'aero wheel', 'lightweight wheels', 'stiff wheels', 'tubeless sealant', 'puncture', 'warranty', 'lifetime warranty', 'GCN', 'Global Cycling Network', 'Sports', 'Cycling', 'Bike', 'Bikes', 'Bicycle (Product Category)', 'Road Bike', 'Cyclist', 'Road Bicycle', 'GCN Cycling', 'velo', 'simon', 'richardson', 'sec-feature', 'sca15', 'gc11shs', 'c3', 'gc11sas', 'Ꮋ', 'n1', 'Ղ', 'ཋ', 'ሙ', 'ホ', 'ィ', 'ଋ', 'ዩ', 'ළ', 'Բ', 'Ժ', 'Ի', 'Ծ', 'Ձ', 'ፕ11', 'サ', 'ኾ', '3980', 'zipp']"
67,19,3.71,N8MmDLHgCKE,"Can We Burn 10,000 Calories In A Single Bike Ride?",03/02/2019,10:00:04,1079288,21116,1896,21:33,"['GCN', 'Global Cycling Network', 'Sports', 'Cycling', 'Bike', 'Bikes', 'Bicycle (Product Category)', 'Road Bike', 'Cyclist', 'epic ride', 'challenge', '10000 calories', 'calorie', 'burn calories', '10000 calorie challenge', 'long ride', 'all day ride', 'cycling challenge', '300km', 'nutirition', 'epic challenge', 'inspiration', 'calpe', 'denia', 'spain', 'GCN Cycling', 'Cycling tips', 'cycling workout', 'cycling training', 'velo', 'simon richardson', 'james lowsley-williams', 'sec-feature', 'sca15', 'gc21s', 'b1', 'gc11shs', 'gc04s1', 'c3', 'r1', 'c1', 'h3', 'gc11sas', 'Ꮋ', 'n1', 'p1', 'Ղ', 'ཋ', 'ལ', 'Є', 'Њ', 'Ձ']"
68,100,3.69,cZTPJwiRBiw,Can I Survive A Pro Level Recon Of Paris-Roubaix?,16/04/2022,09:00:34,246627,5686,359,18:18,"['AG2R', 'citroen', 'citroën', 'AG2R Citroen', 'pro', 'professional', 'world', 'tour', 'world tour', 'wt', 'world-tour', 'race', 'recon', 'paris', 'roubaix', 'paris roubaix', 'paris-roubaix', 'speed', 'fast', 'challenge', 'suffer', 'suffering', 'cobble', 'cobbles.spring', 'classic', 'classics', 'spring classic', 'spring classics', 'hell of the north', 'GCN', 'Global Cycling Network', 'Sports', 'Cycling', 'Bike', 'Bikes', 'Bicycle (Product Category)', 'Road Bike', 'Cyclist', 'Road Bicycle', 'GCN Cycling', 'velo', 'sec-feature', 'sca15', 'ꗧ', 'Ղ', 'n1', 'ሙ', 'ସ', 'ଙ', 'ホ', 'ᠫ', '𐒎', '߰\u200e', 'ዩ', 'ළ', 'ꕮ', 'ꕉ', 'δ', 'Բ', 'Ժ', 'Խ', 'Ձ', 'ፕ15', 'ザ', 'ጞ', '4666']"
69,108,3.68,6fbrrIMpqQE,Cyclo-cross Game Of B.I.K.E With Thibau Nys | Who Has The Best CX Bike Handling Skills?,20/09/2019,09:02:10,211914,5132,277,13:06,"['cyclo-cross bike', 'cx bike', 'interview', 'sven', 'nys', 'cyclo-cross', 'cyclocross', 'cx', 'racing', 'bike skills', 'skills', 'mountain bike', 'trials', 'trials riding', 'thibau', 'thibau nys', 'AA Drink', 'bike handling', 'sand', 'how to ride', 'sandpit', 'barriers', 'world cup', 'trek', 'belgiu', 'belgian', 'GCN', 'Global Cycling Network', 'Sports', 'Cycling', 'Bike', 'Bikes', 'Bicycle (Product Category)', 'Road Bike', 'Cyclist', 'GCN Cycling', 'velo', 'jeremy powers', 'sec-feature', 'sca15', 'gc11shs', 'ඃ', 'c3', 'r1', 'h3', 'gc11sas', 'Ꮋ', 'p1', 'ཋ', 'ළ', 'Բ', 'ፕ9', '3728', 'telenet', 'fidea', 'welcome', 'baloise']"
70,154,3.63,yeEaeY25Amg,Could You Descend Faster With A Dropper Seatpost?! | Dropper Post Road Bike Test,24/07/2016,17:00:04,154313,2114,351,04:52,"['dropper post', 'road bike descent', 'the alps', 'switchbacks', 'descend faster', 'dropper seat post', 'drop seat post', 'road bike skills', 'cornering', 'how to descend faster', 'GCN', 'Global Cycling Network', 'Sports', 'Cycling', 'Bike', 'Road Bike', 'Cyclist', 'GCN Cycling', 'Cycling Tips', 'Bikes', 'Bicycle (Product Category)', 'cycling workout', 'cycling training', 'velo', 'bicicletas', 'bici ciclismo', 'velo route', 'fahrrad', 'fiets', 'jul16', 'sec-feature', 'pltdf16', 'gc11shs', 'gc04s1', 'sca15', 'gc18s', 'gc11sas', 'c1', 'k1']"
71,47,3.62,Cpc6y0-if54,Cyclist Vs Soccer Player - Who Is The Fittest?,06/07/2019,09:00:02,554767,11634,855,09:55,"['pro', 'pro cyclist', 'professional', 'cyclist', 'footballer', 'football', 'watford', 'watford F.C.', 'Watford FC', 'football club', 'ben', 'foster', 'ben foster', 'premier', 'league', 'sprint', 'sprinter', 'kilo', 'goal', 'keeper', 'goalie', 'england', 'team', 'national', 'fitter', 'fittest', 'fitness', 'workout', 'train', 'training', 'world', 'cup', 'GCN', 'Global Cycling Network', 'Sports', 'Cycling', 'Bike', 'Bikes', 'Bicycle (Product Category)', 'Road Bike', 'Cyclist', 'GCN Cycling', 'velo', 'chris opie', 'sec-feature', 'gc21s', 'gc11shs', 'c3', 'gc11sas', 'v1', 'Ղ', 'gc22b', 'ළ', 'Բ', 'Ձ', '3652']"
72,34,3.6,cjcsla7U6GM,Just How Much Faster Is An Un-Restricted E Bike Than A Road Bike?,27/02/2021,10:00:11,891552,14284,1790,11:33,"['derestricted', 'unrestricted', 'restriction', 'legal', 'illegal', 'illegal bike', 'turbo', 'motor', 'e bike', 'e-bike', 'electric', 'electric bike', 'electric bicycle', 'race', 'racing', 'laws', 'derestricted e bike', 'unrestricted e bike', 'electric motor', 'speed', 'fast', 'fastest', 'faster', 'GCN', 'Global Cycling Network', 'Sports', 'Cycling', 'Bike', 'Bikes', 'Bicycle (Product Category)', 'Road Bike', 'Cyclist', 'Road Bicycle', 'GCN Cycling', 'velo', 'sec-feature', 'sca15', 'gc21s', 'ꗧ', 'r1', 'ꗶ', 'Ꮋ', 'Ղ', 'ཋ', 'ሙ', 'ସ', 'ଙ', 'ホ', 'ළ', 'Բ', 'Հ', 'ፕ15', 'ズ', 'ዾ', 'ጞ', '4254']"
73,48,3.58,m45FdWoHeh8,The Best Bike For An Adventure? | Gravel Vs Mountain Bike Challenge,28/11/2020,10:27:00,569764,11328,914,01:59,"['gravel bike', 'mtb', 'mountain bike', 'adventure', 'adventure bike', 'off road', 'off-road', 'gravel', 'groad', 'bike packing', 'bikepacking', 'touring', 'fastest', 'fast', 'tyres', 'wider', 'tires', 'tubeless', 'shimano', 'shimano grx', 'cassette', 'gears', 'brakes', 'disc', 'disk', 'canyon', 'GCN', 'Global Cycling Network', 'Sports', 'Cycling', 'Bike', 'Bikes', 'Bicycle (Product Category)', 'Road Bike', 'Cyclist', 'Road Bicycle', 'GCN Cycling', 'velo', 'rich', 'payne', 'sec-feature', 'sca15', 'gc11shs', 'c3', 'c1', 'gc11sas', 'n1', 'Ղ', 'ཋ', 'ሙ', 'ସ', 'ଙ', 'ホ', 'パ', 'ゲ', 'o1', 'ዩ', 'ළ', 'Բ', 'Է', 'Ի', 'Հ', 'ፕ15', 'ヵ', 'ዾ', 'ቯ', '4163']"
74,149,3.56,5Fi_8WJgRSc,What Difference Do Motorbikes Make In Bike Races? | GCN Does Science,09/07/2017,11:00:01,157382,2321,331,06:29,"['cycling motorbike race convoy', 'cycling race convoy', 'cycling convoy', 'race convoy', 'motorbike pacing', 'motorpacing', 'slipstreaming', 'watt saving cycling', 'GCN', 'Global Cycling Network', 'Sports', 'Cycling', 'Bike', 'Road Bike', 'Cyclist', 'GCN Cycling', 'Cycling Tips', 'Bikes', 'Bicycle (Product Category)', 'cycling workout', 'cycling training', 'velo', 'sitting behind a motorbike', 'motopacing', 'derny racing', 'derny pacing', 'jul17', 'sec-feature', 'plsc', 'sca15', 'gc21s', 'gc11shs', 'gc04s1', 'c3', 'r1', 'c1', 'h3', 'gc11sas', 'd1', 'p1', 'Ղ', 'Ա', 'Ի', 'Ձ']"
75,42,3.54,lqSbc0qjVZk,Drop Bars Vs Flats | Can A Hybrid Bike Be Just As Fast As A Road Bike?,07/02/2021,10:00:30,698706,12554,1226,12:41,"['hybrid', 'road bike', 'flat', 'drop', 'handlebar', 'drop bar', 'flat bar', 'fast', 'aero', 'comfortable', 'is a hyrbid good', 'hybrid road bike', 'are hybrids fast', ""what's the difference"", 'vs', 'tt', 'position', 'faster', 'town', 'commute', 'commuting', 'training', 'GCN', 'Global Cycling Network', 'Sports', 'Cycling', 'Bike', 'Bikes', 'Bicycle (Product Category)', 'Road Bike', 'Cyclist', 'Road Bicycle', 'GCN Cycling', 'velo', 'ollie', 'bridgewood', 'si', 'richardson', 'sec-feature', 'gc21s', 'r1', 'c1', 'ꗶ', 'n1', 'Ղ', 'ཋ', 'ሙ', 'ସ', 'ଙ', 'ホ', 'ケ', 'パ', 'ꔴ', 'ළ', 'Ա', 'Ժ', 'Ձ', 'ፕ15', '4234']"
76,128,3.51,4hym7pbUTuc,Superbike Or Hyperbike? | The New Canyon Ultimate EVO Vs Alpe dquot;Huez,14/07/2019,09:00:00,227941,3878,421,14:38,"['superbike', 'super', 'bike', 'hyperbike', 'hyper', 'expensive', 'cheap', 'new', 'canyon', 'canyon ultimate', 'ultimate', 'EVO', 'carbon', 'fiber', 'light', 'weight', 'heavy', 'aero', 'aero bike', 'light bike', 'weigh', 'gravel', 'tyre', 'tire', 'clearance', 'alp', ""d'huez"", 'climbing', 'climb', 'alps', 'france', 'GCN', 'Global Cycling Network', 'Sports', 'Cycling', 'Bike', 'Bikes', 'Bicycle (Product Category)', 'Road Bike', 'Cyclist', 'GCN Cycling', 'velo', 'si', 'richardson', 'sec-feature', 'sca15', 'gc11shs', 'ඃ', 'c3', 'h3', 'gc11sas', 'ཋ', 'ऊ', 'ළ', 'Բ', '3660']"
76,138,3.51,bjrNuPjACnU,Is Crank Length Important To Professional Cyclists?,24/02/2017,17:08:22,256070,3130,596,07:07,None
78,56,3.47,XfAzmW0LDNw,Is This Cycling#39;s Next Big Thing? | Road Bike Vs MONSTER Gravel Bike,14/08/2021,09:00:27,538903,9900,883,11:04,"['conor', 'dunne', 'tall', 'big', 'giant', 'massive', 'wheels', 'fit', 'fits', '36er', 'big wheels', 'large', '700c', 'vs', 'el alto', 'funny', 'fun', 'joke', 'novelty', 'reinventing', 'jumps', 'off road', 'trail', 'social', 'ride', 'challenge', 'steep', 'hill', '25%', 'hill climb', 'crash', 'mud', 'dirt', 'wet', 'giraffe', 'GCN', 'Global Cycling Network', 'Sports', 'Cycling', 'Bike', 'Bikes', 'Bicycle (Product Category)', 'Road Bike', 'Cyclist', 'Road Bicycle', 'GCN Cycling', 'velo', 'james', 'lowsley', 'williams', 'sec-feature', 'sca15', 'ិ', 'ꗧ', 'c1', 'ꔈ', 'ꗶ', 'Ղ', 'n1', 'ཋ', 'ସ', 'ଙ', 'ホ', 'ᠫ', 'パ', 'ው', 'ꖐ', 'ꕉ', 'ፕ15', '꘎', 'ዮ', '4422']"
79,41,3.45,4cYssxdg4MY,How Does The Tour de France Impact Rider Health amp; Fitness? | Exclusive Pro HR Data,18/09/2020,17:48:09,585835,12851,744,15:09,"['heart rate', 'heartrate', 'whoop', 'resting heart rate', 'resting', 'rest', 'heart heart', 'fitness', 'health', 'strain', 'pro cyclist', 'professional cyclist', 'EF Education First', 'tour de france', 'le tour', 'france', 'grand tour', 'racing', 'bike race', 'GCN', 'Global Cycling Network', 'Sports', 'Cycling', 'Bike', 'Bikes', 'Bicycle (Product Category)', 'Road Bike', 'Cyclist', 'Road Bicycle', 'GCN Cycling', 'velo', 'sec-feature', 'c3', 'ホ', 'ィ', 'ଛ', 'ዩ', 'ළ', 'ꖃ', 'Բ', 'Ե', 'Լ', 'Կ', 'ፕ15', 'ュ', 'ዮ', '4092', 'data', 'power', 'sleep', 'recovery', 'recover', 'body', 'physiology', 'change', 'affect', 'impact']"
80,15,3.39,CCAwg9OMa84,Can A Folding Bike Climb? Superbike Vs Brompton Challenge!,21/11/2021,10:00:11,901799,22963,778,07:24,"['brompton', 'brompton bike', 'brompton race', 'brompton vs superbike', 'superbike vs brompton', 'folding bike', 'city bike', 'climb', 'hill climb', 'amateur vs pro', 'andrew feather', 'feather', 'cheddar gorge', 'race', 'cycling', 'cyclist', 'challenge', 'gcn challenge', 'how fast', 'GCN', 'Global Cycling Network', 'Sports', 'Cycling', 'Bike', 'Bikes', 'Bicycle (Product Category)', 'Road Bike', 'Cyclist', 'Road Bicycle', 'GCN Cycling', 'velo', 'ollie', 'ollie bridgewood', 'sec-feature', 'sca15', 'gc21s', 'ិ', 'ꗧ', 'c1', 'ꗶ', 'Ղ', 'ཋ', 'ሙ', 'ସ', 'ଙ', 'ホ', 'ケ', 'パ', 'ළ', 'ꕉ', 'Բ', 'Ժ', 'Լ', 'Ծ', 'Ձ', 'ፕ15', 'ュ', 'ዮ', '4521', 'n1', 'ඡ']"
81,124,3.37,Weaf2ttJ3Tg,How Much Money Does A Professional Cyclist Get Paid? | GCN Show Ep.343,06/08/2019,17:16:45,267013,4069,506,08:59,"['money', 'paid', 'wage', 'minimum wage', 'prize money', 'earn', 'professional cyclist', 'pro', 'pro cyclist', 'rich', 'how much does a pro cyclist earn?', 'poland', 'tour of poland', 'gcn events', 'avoriaz', 'tour de france prize money', 'win', 'euros', 'dollars', 'pounds', 'GCN', 'Global Cycling Network', 'Sports', 'Cycling', 'Bike', 'Bikes', 'Bicycle (Product Category)', 'Road Bike', 'Cyclist', 'gcn show', 'the gcn show', 'GCN Cycling', 'velo', 'dan', 'lloyd', 'chris', 'opie', 'པ', 'sca15', 'gc21s', 'ិ', 'gc11shs', 'ඃ', 'c3', 'r1', 'c1', 'h3', 'gc11sas', 'n1', 'q1', 'ඡ', 'e3', 'Ղ', 'ཋ', 'gc11shb', 'gc22b', 'ළ', 'Բ', 'Ձ', '3683', 'ፉ']"
82,25,3.36,L7YJPHXlO-8,Tandem Vs 1 | Are 2 Riders On A Tandem Faster Than 1 Roadie?,19/06/2021,09:00:06,757877,18339,726,09:36,"['2 vs 1', '3 vs 1', '4 vs 1', 'tt bike', 'tandem', 'tandem bike', 'team time trial', 'vs', 'race', 'challenge', 'aero', 'aerodynamic', 'power', 'stoker', 'pilot', 'john', 'schubert', '100 mile record', 'world record', 'tandem race', 'para', 'para cyclist', 'lap', 'track', 'laps', 'time trial', 'tt', 'pursuit', 'catch', 'chase', 'GCN', 'Global Cycling Network', 'Sports', 'Cycling', 'Bike', 'Bikes', 'Bicycle (Product Category)', 'Road Bike', 'Cyclist', 'Road Bicycle', 'GCN Cycling', 'velo', 'ollie', 'conor', 'dunne', 'sec-feature', 'sca15', 'ꗧ', 'r1', 'c1', 'ꗶ', 'n1', 'ཋ', 'ሙ', 'ସ', 'ଙ', 'ホ', 'パ', 'ィ', 'ළ', 'ꔹ', 'Բ', 'Ժ', 'Լ', 'Ծ', 'Ձ', 'ፕ15', 'ュ', 'ዮ', 'ጞ', '4366']"
82,13,3.36,vcOKfTnRIII,Carbon Vs Aluminium Vs Titanium Vs Steel: Which Bike Frame Material Is Best?,22/05/2021,09:00:17,1402997,24571,2260,27:41:00,"['ribble', 'cgr', 'cross', 'cyclocross', 'gravel', 'road', 'ribble bikes', 'test', 'compare', 'titanium', 'ti', 'aluminium', 'alu', 'alloy', 'carbon', 'carbon fibre', 'steel', 'steel frame', 'steel is real', 'ribble concept store', 'ribble valley', 'north west', 'north', 'clitheroe', 'GCN', 'Global Cycling Network', 'Sports', 'Cycling', 'Bike', 'Bikes', 'Bicycle (Product Category)', 'Road Bike', 'Cyclist', 'Road Bicycle', 'GCN Cycling', 'velo', 'si', 'simon', 'richardson', 'ollie', 'oliver', 'bridgewood', 'alex', 'paton', 'sec-feature', 'gc11shs', 'ꗧ', 'ଐ', 'r1', 'gc11sas', 'ସ', 'ホ', 'ᠫ', 'ᢙ', 'ዩ', 'ළ', 'Բ', 'Ժ', 'Լ', 'Ծ', 'Ձ', 'ፕ15', 'ズ', 'ኾ', '꘎', 'ዮ', '4338']"
84,134,3.34,X_vtc0lMYRw,"What Does MIPS Do? | Cycling Helmets, Concussion amp; Brain Injuries",01/02/2020,10:00:13,173562,3513,238,18:16,"['mips', 'helmet', 'cycling helmet', 'safety', 'crash', 'crash test', 'bike crash', 'sweden', 'protection', 'lab test', 'brain', 'injury', 'factory', 'tour', 'research', 'science', 'neurology', 'crash protection', 'impact', 'sports injury', 'MIPS', 'concussion', 'brain injury', 'head injury', 'head', 'prevent', 'bicycle crash', 'testing', 'GCN', 'Global Cycling Network', 'Sports', 'Cycling', 'Bike', 'Bikes', 'Bicycle (Product Category)', 'Road Bike', 'Cyclist', 'GCN Cycling', 'velo', 'Chris Opie', 'Opie', 'sec-feature', 'ិ', 'gc11shs', 'ඃ', 'c3', 'r1', 'gc11sas', 'Ꮋ', 'Ղ', 'ཋ', 'ሙ', 'ጉ', 'ዩ', 'ළ', 'Գ', 'Ժ', 'Ի', 'Ծ', 'Ձ', 'ፕ24', '3841']"
85,69,3.33,X3jFDmeZyWU,Spinning Vs Grinding: What Is The Best Cadence For Climbing?,30/03/2022,16:00:59,444814,8709,618,12:52,"['andrew', 'feather', 'andrew feather', 'the twig', 'twig', 'wahoo', 'powerlink', 'powrlink', 'powrlink zero', 'zero', 'dual', 'dual sided', 'dual-sided', 'pedals', 'power meter', 'power', 'cadence', 'spin', 'spinning', 'grind', 'grinding', 'climb', 'climbing', 'technique', 'gear', 'gears', 'bannerdown', 'col de bannerdown', 'science', 'test', 'race', 'vs', 'GCN', 'Global Cycling Network', 'Sports', 'Cycling', 'Bike', 'Bikes', 'Bicycle (Product Category)', 'Road Bike', 'Cyclist', 'Road Bicycle', 'GCN Cycling', 'velo', 'conor', 'sec-feature', 'gc21s', 'ិ', 'ꗧ', 'c1', 'ꗶ', 'Ղ', 'n1', 'ሙ', 'ସ', 'ଙ', 'ホ', 'ᠫ', 'パ', '𐒎', 'ꕈ', 'ዩ', 'ළ', 'Ꮽ', 'Բ', 'Լ', 'Ծ', 'Հ', 'ፕ15', 'ヵ', 'ጞ', '4650']"
86,119,3.32,y-GhJ3zIPCw,Can Aero Road Bikes Climb? | New Cannondale SystemSix,02/07/2018,13:43:44,346854,4224,738,08:46,"['GCN', 'Global Cycling Network', 'Sports', 'Cycling', 'Bike', 'Bikes', 'Bicycle (Product Category)', 'Road Bike', 'Cyclist', 'new cannondale', 'cannondale', 'aero bike', 'aero road bike', 'aerodyanmics', 'cannondale systemsix', 'systemsix', 'aero vs lightweight', 'climbing', 'climb fast', 'gradient', 'steep hills', 'steep climb', 'climb faster', 'science', 'speed', 'cda', 'girona', 'GCN Cycling', 'Cycling tips', 'cycling workout', 'cycling training', 'velo', 'simon richardson', 'sec-feature', 'gc11shs', 'gc04s1', 'c3', 'd1', 'p1', 'Ղ', 'ཋ', 'ஜ', 'Ա', 'Ի', 'Ծ', 'Ձ']"
87,51,3.3,cSN5fhS9B-o,Can We Qualify For The World Championships Of GranFondo? | GCN Rides RBC Whistler,22/09/2019,09:00:07,490881,10669,563,17:39,"['granfondo', 'gran fondo', 'gran', 'fondo', 'world championships', 'worlds', 'world', 'championships', 'champion', 'UCI', 'whistler', 'vancouver', 'race', 'racing', 'rbc granfondo', 'canada', 'long ride', 'epic ride', 'climb', 'summit', 'to', 'sea', 'highway', 'sportive', 'GCN', 'Global Cycling Network', 'Sports', 'Cycling', 'Bike', 'Bikes', 'Bicycle (Product Category)', 'Road Bike', 'Cyclist', 'GCN Cycling', 'velo', 'si', 'richardson', 'jeremy', 'powers', 'sec-feature', 'gc21s', 'ិ', 'gc11shs', 'ඃ', 'c3', 'r1', 'h3', 'gc11sas', 'p1', 'ක', 'Ղ', 'ཋ', 'ៈ', 'ළ', 'Բ', 'Ծ', 'ፕ15', '3730']"
87,75,3.3,E3C5RzQrTvw,What#39;s The Fastest Tyre Pressure For A Road Bike? | GCN Does Science,01/07/2018,09:00:02,512827,7826,916,10:39,"['GCN', 'Global Cycling Network', 'Sports', 'Cycling', 'Bike', 'Bikes', 'Bicycle (Product Category)', 'Road Bike', 'Cyclist', 'tyre pressure', 'tire pressure', 'tyre', 'tire', 'fast', 'speed', 'rolling resistance', 'puncture', 'rough roads', 'experiement', 'science', 'lab test', 'physics', 'explainer', 'optimum tyre pressure', 'best tyre pressure', 'pinch puncture', 'snake bite', 'GCN Cycling', 'Cycling tips', 'cycling workout', 'cycling training', 'velo', 'emma pooley', 'sec-feature', 'gc21s', 'gc11shs', 'gc04s1', 'c3', 'c1', 'h3', 'gc11sas', 'd1', 'd2', 'Ղ', 'ཋ', 'Բ', 'Ը', 'Լ', 'Ծ', 'Հ', '3282']"
89,80,3.29,xlyuWSrbGyk,"Smaller Wheels, More Fun? 650B VS 700C",21/01/2018,19:00:05,465644,7515,787,18:43,"['GCN', 'Global Cycling Network', 'Sports', 'Cycling', 'Bike', 'Bikes', 'Bicycle (Product Category)', 'Road Bike', 'Cyclist', '650b', '700c', 'small wheels', 'roll faster', 'efficient', 'gravel', 'offroad', 'cyclocross', 'road', 'grip', 'tires', 'tyres', 'pneumatic trail', 'trail', 'geometry', 'bike geometry', 'GCN Cycling', 'Cycling Tips', 'cycling workout', 'cycling training', 'velo', 'simon richardson', 'dan lloyd', 'sec-feature', 'plsc', 'b1', 'gc11shs', 'gc04s1', 'c3', 'r1', 'h3', 'Ղ', 'gc24b', 'Բ', 'Ի', 'Ծ', 'Ձ', '3121']"
90,55,3.28,pE3JqC90heQ,Time Trial Bike Vs De-Restricted E Bike: Which Is Faster?,09/04/2022,09:00:34,445496,10041,461,08:05,"['ebike', 'ebikes', 'e-bike', 'e-bikes', 'e bike', 'e bikes', 'tt', 'tt bike', 'time trial', 'time trial bike', 'derestricted', 'de-restricted', 'unrestricted', 'un-restricted', 'unlimited', 'delimited', 'de-limited', 'tuned', 'motor', 'battery', 'power', 'speed', 'fast', 'faster', 'fastest', 'race', 'challenge', 'vs', 'orbea', 'ordu', 'canyon', 'grail:on', 'grail on', 'GCN', 'Global Cycling Network', 'Sports', 'Cycling', 'Bike', 'Bikes', 'Bicycle (Product Category)', 'Road Bike', 'Cyclist', 'Road Bicycle', 'GCN Cycling', 'velo', 'sec-feature', 'sca15', 'gc21s', 'ិ', 'ꗧ', 'c1', 'ꗶ', 'Ղ', 'ඡ', 'ସ', 'ଙ', 'ホ', 'ᠫ', 'パ', 'ළ', 'ᡞ', 'Բ', 'Ժ', 'Լ', 'Ծ', 'Ձ', 'ፕ15', 'ヵ', 'ጞ', 'ዾ', '꘎', '4660']"
91,129,3.27,AMIR-UwDPoc,"GCN#39;s DIY Aero Road Bike – It#39;s Free, But Is It Faster?",18/03/2018,17:00:00,226640,3721,379,9:22:00,"['GCN', 'Global Cycling Network', 'Sports', 'Cycling', 'Bike', 'Bikes', 'Bicycle (Product Category)', 'Road Bike', 'Cyclist', 'aero bike', 'bike', 'diy', 'do it yourself', 'aero bicycle', 'road cycling', 'road racing', 'wind tunnel', 'aerodynamics', 'aero', 'science', 'test', 'flow', 'resistance', 'frontal area', 'yaw', 'drag', 'tt', 'time trial', 'orbea', 'GCN Cycling', 'Cycling Tips', 'cycling workout', 'cycling training', 'velo', 'simon richardson', 'emma pooley', 'sec-feature', 'plsc', 'gc21s', 'gc11shs', 'gc04s1', 'c3', 'Ꮈ', 'h3', 'gc11sas', 'Ղ', 'Ա', 'Ի', 'Ծ', 'Ձ', '3177']"
92,102,3.26,Oa-FZvQw-kM,Inspired By The Tour de France? Here#39;s How To Do Your First Bike Race With GTN,28/07/2019,09:00:00,263989,5574,310,14:20,"['first race', 'racing', 'race', 'how to', 'get into', 'start', 'start racing', 'bike race', 'triathlete', 'triathlon', 'corner', 'cornering', 'crit', 'criterium', 'road race', 'group ride', 'skills', 'bike skills', 'prepare', 'tactics', 'beginner', 'guide', 'peloton', 'GCN', 'Global Cycling Network', 'Sports', 'Cycling', 'Bike', 'Bikes', 'Bicycle (Product Category)', 'Road Bike', 'Cyclist', 'GCN Cycling', 'velo', 'si', 'richardson', 'fraser', 'cartmell', 'sec-feature', 'sca15', 'gc11shs', 'ඃ', 'c3', 'r1', 'c1', 'h3', 'gc11sas', 'Ꮋ', 'p1', 'ළ', 'Բ', 'Խ', '3674']"
93,38,3.24,X7zZ4OROgeQ,The 30MPH Road Bike Challenge | Can Si Break 20 Minutes For A 10 Mile Time Trial?,15/08/2021,09:00:11,676622,13527,846,18:38:00,"['tt', 'time-trial', '10 mile', 'ten mile', 'mile', 'time trial', 'sub-20', '20 minutes', '20', 'fast', 'aero', 'nopinz', 'aerolab', 'aerodynamic', 'aerodynamics', 'upgrades', 'bottle cage', 'bottle cages', 'uci', 'legal', 'deep section', 'wheels', 'latex tubes', 'pirelli tt', 'skinsuit', 'speedsuit', 'speed', 'aero socks', 'GCN', 'Global Cycling Network', 'Sports', 'Cycling', 'Bike', 'Bikes', 'Bicycle (Product Category)', 'Road Bike', 'Cyclist', 'Road Bicycle', 'GCN Cycling', 'velo', 'sec-feature', 'ិ', 'ꗧ', 'ଐ', 'c1', 'ꗶ', 'Ꮋ', 'Ղ', 'ଙ', 'ホ', 'パ', 'ው', 'ꖐ', 'ᠼ', 'ዩ', 'ፕ15', 'ኾ', '4423']"
94,93,3.23,3P2Vrh3QjBw,Aero Bars Vs Drops - Which Is Fastest? | GCN Does Science,17/06/2018,16:00:00,331550,5979,489,6:43:00,"['GCN', 'Global Cycling Network', 'Sports', 'Cycling', 'Bike', 'Bikes', 'Bicycle (Product Category)', 'Road Bike', 'Cyclist', 'aero bars', 'clip on bars', 'drops', 'cycling position', 'aerodynamics', 'time trial', 'cda', 'drag', 'aero', 'drag coefficient', 'speed', 'aero test', 'wind tunnel', 'frontal area', 'tt bars', 'time trial position', 'tt position', 'GCN Cycling', 'Cycling Tips', 'cycling workout', 'cycling training', 'velo', 'emma pooley', 'sec-feature', 'plsc', 'gc21s', 'gc11shs', 'gc04s1', 'c3', 'c1', 'h3', 'gc11sas', 'd1', 'p1', 'e2', 'Ղ', 'Ա', 'Ը', 'Լ', 'Ծ', 'Ձ', '3268']"
95,132,3.21,NqDHGPjWZk0,Should You Use Chamois Cream?,01/11/2017,16:57:46,215257,3576,344,5:48:00,"['GCN', 'Global Cycling Network', 'Sports', 'Cycling', 'Bike', 'Bikes', 'Bicycle (Product Category)', 'Road Bike', 'Cyclist', 'chamois', 'chamois cream', 'creme', 'chammy', 'chammie', 'butter', 'chafing', 'saddle sore', 'saddle sores', 'cycling kit', 'cycling clothing', 'bib shorts', 'GCN Cycling', 'Cycling Tips', 'cycling workout', 'cycling training', 'velo', 'matt stephens', 'dan lloyd', 'sec-feature', 'plc101', 'pllap', 'gc11shs', 'gc04s1', 'c3', 'h3', 'gc11sas', 'e2', 'Ա', 'Ը', 'Լ', 'Ձ', '3040', '70']"
96,66,3.2,OPXD5OH0S8g,What To Wear For Cycling? Cycling Kit Vs Casual Clothes,02/06/2019,09:00:07,662637,8995,1237,07:50,"['cycling kit', 'wear', 'what to wear cycling', 'clothing', 'clothes', 'jersey', 'shorts', 'lycra', 'spandex', 'baggy', 'tight', 'gear', 'waterproof', 'layers', 'layering', 'warm', 'dry', 'wicking', 'wick', 'sweat', 'breathable', 'clothing guide', 'hot', 'fabric', 'performance', 'design', 'cut', 'shimano', 'GCN', 'Global Cycling Network', 'Sports', 'Cycling', 'Bike', 'Bikes', 'Bicycle (Product Category)', 'Road Bike', 'Cyclist', 'GCN Cycling', 'velo', 'si richardson', 'katherine', 'sec-feature', 'sca15', 'gc21s', 'gc11shs', 'ඃ', 'c1', 'h3', 'gc11sas', 'Ղ', 'ཋ', 'ව', 'ඵ', 'Ա', 'Ժ', 'Ի', 'Ծ', 'Հ', '3617', 'sphyre']"
97,36,3.18,QFTLBSz2P5k,1x Vs 2x Groupsets: Which Is Best For Your Gravel Bike?,13/12/2019,14:10:46,811027,13914,1191,11:30,"['1x', '2x', 'groupset', 'shimano', 'sram', 'Shimano', 'SRAM', 'drivechain', 'chain', 'chainring', 'narrow wide', 'gravel bike', 'off-road', 'mountain bike', 'gravel', 'groad', 'GRX', 'single ring', 'ring', 'derailleur', 'clutch', 'gears', 'gear ratios', 'ratio', 'pros', 'cons', 'advantages', 'cassette', 'GCN', 'Global Cycling Network', 'Sports', 'Cycling', 'Bike', 'Bikes', 'Bicycle (Product Category)', 'Road Bike', 'Cyclist', 'GCN Cycling', 'velo', 'si', 'richardson', 'sec-feature', 'sca15', 'gc21s', 'gc11shs', 'ඃ', 'c3', 'c1', 'h3', 'gc11sas', 'n1', 'Ղ', 'ួ', 'ዩ', 'ළ', 'Գ', 'Ժ', 'Ի', 'ፕ11', '3812']"
98,94,3.15,zO0-EmlkP1M,Garbage Vs Gravel Bike | How Does Our Cheap Gravel Bike Compare?,01/09/2019,09:00:07,361590,5925,554,8:21:00,"['gravel', 'upgrade', 'project', 'vintage', 'retro', 'adventure', 'off road', 'mtb', 'mountain bike', 'saracen', 'upgrades', 'cheap', 'vintage bike', 'crank', '1x', 'drop bars', 'shifters', 'bars', 'alloy', 'chainring', 'stem', 'parts', 'bike build', 'how to', 'build a bike', 'gravel bike', 'groad', 'GCN', 'Global Cycling Network', 'Sports', 'Cycling', 'Bike', 'Bikes', 'Bicycle (Product Category)', 'Road Bike', 'Cyclist', 'GCN Cycling', 'velo', 'chris', 'opie', 'sec-feature', 'sca15', 'gc11shs', 'ඃ', 'c3', 'gc11sas', '3709']"
98,105,3.15,QvO74sZxVs4,What#39;s The Fastest Bike For Riding The Cobbles Of Paris-Roubaix ?,08/04/2017,16:00:03,339903,5414,539,09:37,"['cobble cycling', 'cycling cobblestones', 'fastest bike', 'best bike', 'paris roubaix', ""Carrefour de l'Arbre cyclingGCN"", 'Global Cycling Network', 'Sports', 'Cycling', 'Bike', 'Road Bike', 'Cyclist', 'GCN Cycling', 'Cycling Tips', 'Bikes', 'Bicycle (Product Category)', 'cycling workout', 'cycling training', 'velo', 'canyon exceed', 'orbea avant', 'trek crockett', 'wahoo elemnt boltap17', 'sec-feature', 'plor', 'sca15', 'gc21s', 'b1', 'gc04s1', 'c3', 'Ꮈ', 'r1', 'h3', 'gc11sas', 'k1', 'p1', 'Ղ', 'Ա', 'Լ', 'Ձ']"
100,135,3.13,olTs4oR3Kh8,Women#39;s Bike Vs Men#39;s Bike: Do Women Need A Women#39;s Specific Road Bike?,06/12/2016,12:00:03,245815,3371,448,03:29,"[""women's bike"", ""women's specific bike"", 'choose a bike', ""do i need a women's specific bike"", 'road bike', 'choose a road bike', 'how to choose a road bike', 'GCN', 'Global Cycling Network', 'Sports', 'Cycling', 'Bike', 'Road Bike', 'Cyclist', 'GCN Cycling', 'Cycling Tips', 'Bikes', 'Bicycle (Product Category)', 'cycling workout', 'cycling training', 'velo', ""women's cycling"", 'bike choice', 'how to choose a bike', 'road bicycle', 'd16', 'sec-how-to', 'gc04s1', 'gc18s', 'sreyn15', 'b1', 'p1']"
