" ꗧ",1280
" Bike",209
" Cycling",207
" Road Bike",206
" Cyclist",205
" Bikes",198
" Global Cycling Network",198
" GCN Cycling",198
" Sports",197
" GCN",197
" Bicycle (Product Category)",193
" velo",186
" Road Bicycle",154
" Ղ",141
" ସ",140
" ホ",133
" sec-feature",132
" Ծ",121
" Բ",117
" ଙ",115
" Լ",114
" gc21s",107
" Ժ",104
" n1",104
" ፕ15",101
" gc11shs",94
" sca15",86
" Ձ",86
" gc11sas",81
" c1",74
" c3",62
" Հ",60
" パ",59
" r1",55
" Ա",54
" ィ",42
" ඃ",41
" ଐ",41
" lloyd",37
" fast",37
" race",34
" manon",34
" Ի",33
" training",31
" ፕ17",30
" サ",30
" aero",29
" ケ",28
" challenge",28
" james",28
" sec-how-to",28
" Ե",27
" how to",27
" bridgewood",25
" climb",25
" ඡ",25
" speed",24
" si",24
" ollie",24
" vs",24
" racing",23
" power",23
" tt",22
" h3",22
" gravel",21
" richardson",21
" lowsley",20
" sec-top-10",20
" williams",20
" faster",20
" hank",20
" cycling skills",19
" climbing",19
" ሙ]",19
" bike skills",19
" ක",19
" pro",18
" watts",18
" time trial",18
" ュ",17
" Top 10",17
" gears",17
" crash",16
" ヵ",16
" ェ",15
" sprint",15
" ザ",15
" gravel bike",15
" light",15
" Road Cycling",14
" ፕ20",14
" road",14
" shimano",13
" dunne",13
" new",13
" beginner",13
" fastest",13
" off-road",13
" conor",13
" fitness",12
